n° Autos;Iti;Permissionária;TC;Denominação da Linha;Característica;Situação
1;A;RAPIDO LUXO CAMPINAS LTDA;1;JUNDIAI - FRANCO DA ROCHA;Semiurbana;Ativa
1;B;RAPIDO LUXO CAMPINAS LTDA;1;JUNDIAI - FRANCO DA ROCHA;Semiurbana;Ativa
1;C;RAPIDO LUXO CAMPINAS LTDA;1;CAMPO LIMPO PAULISTA - FRANCO DA ROCHA;Semiurbana;Ativa
1;D;RAPIDO LUXO CAMPINAS LTDA;1;JUNDIAI - FRANCO DA ROCHA;Semiurbana;Ativa
2;A;VAT VIACAO ADAMANTINA DE TRANSPORTES LTDA;3;PEREIRA BARRETO - ILHA SOLTEIRA;Semiurbana;Ativa
12;A;AUTO ÔNIBUS SÃO JOÃO LTDA;2;PE DA SERRA - REGISTRO;Semiurbana;Ativa
15;A;VIAÇÃO GUAXUPE LTDA;1;MOCOCA - TAPIRATIBA;Rodoviária Convencional;Ativa
16;A;VIAÇÃO COMETA S/A;5;SOROCABA - MONGAGUA;Rodoviária Litorânea;Ativa
16;B;VIAÇÃO COMETA S/A;5;SOROCABA - MONGAGUA;Rodoviária Litorânea;Ativa
24;A;VIAÇÃO COMETA S/A;5;SAO MIGUEL ARCANJO - SÃO PAULO(BARRA FUNDA);Rodoviária Convencional;Ativa
25;A;VIAÇÃO PIRACEMA DE TRANSPORTE LTDA;1;ITAPETININGA - IGUAPE;Rodoviária Litorânea;Ativa
27;A;AUTO ÔNIBUS SÃO JOÃO LTDA;2;SOROCABA - REGISTRO;Rodoviária Convencional;Ativa
28;A;VIAÇÃO PIRACEMA DE TRANSPORTE LTDA;1;JUQUIA - MIRACATU;Rodoviária Convencional;Ativa
29;A;VIAÇÃO PIRACEMA DE TRANSPORTE LTDA;1;JUQUIA - SETE BARRAS;Rodoviária Convencional;Ativa
35;A;VIAÇÃO PIRACEMA DE TRANSPORTE LTDA;1;ITAPETININGA - REGISTRO;Rodoviária Convencional;Ativa
36;A;AUTO ÔNIBUS SÃO JOÃO LTDA;2;SOROCABA - ILHA COMPRIDA;Rodoviária Litorânea;Ativa
37;A;VB TRANSPORTES E TURISMO LTDA;1;IRACEMAPOLIS - LIMEIRA;Rodoviária Convencional;Ativa
38;A;VB TRANSPORTES E TURISMO LTDA;1;SÃO PAULO (T.TIÊTE) - RIO CLARO;Rodoviária Convencional;Ativa
39;A;VB TRANSPORTES E TURISMO LTDA;1;IPEUNA - RIO CLARO;Rodoviária Convencional;Ativa
40;A;VB TRANSPORTES E TURISMO LTDA;1;LIMEIRA - RIO CLARO;Semiurbana;Ativa
43;A;VB TRANSPORTES E TURISMO LTDA;1;IRACEMAPOLIS - LIMEIRA;Semiurbana;Ativa
44;A;VB TRANSPORTES E TURISMO LTDA;1;PIRASSUNUNGA - ANALANDIA;Rodoviária Convencional;Ativa
45;A;VB TRANSPORTES E TURISMO LTDA;1;SÃO PAULO (T.TIÊTE) - RIO CLARO;Rodoviária Convencional;Ativa
47;A;VB TRANSPORTES E TURISMO LTDA;1;CAMPINAS - RIO CLARO;Rodoviária Convencional;Ativa
49;A;VB TRANSPORTES E TURISMO LTDA;1;SÃO PAULO (T.TIÊTE) - RIO CLARO;Rodoviária Convencional;Ativa
50;A;VB TRANSPORTES E TURISMO LTDA;1;RIO CLARO - PRAIA GRANDE;Rodoviária Litorânea;Ativa
51;A;VB TRANSPORTES E TURISMO LTDA;1;SOROCABA - JUNDIAI;Rodoviária Convencional;Ativa
60;A;VIAÇÃO PIRACICABANA S/A;3;MOGI DAS CRUZES - TERMINAL VISTA LINDA;Rodoviária Litorânea;Ativa
61;A;VIAÇÃO PIRACICABANA S/A;3;FERRAZ DE VASCONCELOS - SAO SEBASTIAO(Rodoviária);Rodoviária Litorânea;Ativa
68;A;VIAÇÃO PIRACICABANA S/A;3;PIRACICABA - TORRINHA;Rodoviária Convencional;Ativa
68;B;VIAÇÃO PIRACICABANA S/A;3;PIRACICABA - SANTA MARIA DA SERRA;Rodoviária Convencional;Ativa
69;A;VIAÇÃO PIRACICABANA S/A;3;PIRACICABA - JAU;Rodoviária Convencional;Ativa
79;A;RAPIDO LUXO CAMPINAS LTDA;1;SOROCABA - PIRACICABA;Rodoviária Convencional;Ativa
83;A;RAPIDO D OESTE LTDA;1;RIBEIRAO PRETO - PONTAL;Semiurbana;Ativa
84;A;RAPIDO D OESTE LTDA;1;RIBEIRAO PRETO - SANTA CRUZ DAS POSSES;Semiurbana;Ativa
85;A;RAPIDO D OESTE LTDA;1;VIRADOURO - RIBEIRAO PRETO;Semiurbana;Ativa
86;A;RAPIDO D OESTE LTDA;1;VIRADOURO - BEBEDOURO;Semiurbana;Ativa
87;A;RAPIDO D OESTE LTDA;1;TERRA ROXA - VIRADOURO;Semiurbana;Ativa
88;A;RAPIDO D OESTE LTDA;1;RIBEIRAO PRETO - MORRO AGUDO;Semiurbana;Ativa
89;A;RAPIDO D OESTE LTDA;1;PONTAL - MORRO AGUDO;Rodoviária Convencional;Ativa
90;A;RAPIDO D OESTE LTDA;1;VIRADOURO - PITANGUEIRAS;Semiurbana;Ativa
91;A;VIAÇÃO PARATY LTDA;4;JABOTICABAL - GUARIBA;Semiurbana;Ativa
92;B;VIAÇÃO PARATY LTDA;4;RINCAO - MOTUCA;Semiurbana;Ativa
93;A;VIAÇÃO PARATY LTDA;4;JABOTICABAL - GUARIBA;Semiurbana;Ativa
94;A;VIAÇÃO PARATY LTDA;4;ARARAQUARA - RINCAO;Semiurbana;Ativa
115;A;EXPRESSO ITAMARATI S/A;4;SAO JOSE DO RIO PRETO - ICEM;Semiurbana;Ativa
116;A;EXPRESSO ITAMARATI S/A;4;SAO JOSE DO RIO PRETO - NOVA GRANADA;Semiurbana;Ativa
117;A;EXPRESSO ITAMARATI S/A;4;OLIMPIA - GUARACI;Semiurbana;Ativa
119;A;TRANSRAPIDO SÃO FRANCISCO LTDA;4;PALESTINA - SAO JOSE DO RIO PRETO;Semiurbana;Ativa
124;A;VIAÇÃO COMETA S/A;5;RIOLANDIA - SÃO PAULO(BARRA FUNDA);Rodoviária Convencional;Ativa
125;A;VIAÇÃO COMETA S/A;5;RIOLANDIA - SAO JOSE DO RIO PRETO;Rodoviária Convencional;Ativa
125;B;VIAÇÃO COMETA S/A;5;RIOLANDIA - SAO JOSE DO RIO PRETO;Rodoviária Convencional;Ativa
126;A;VIASOL TRANSPORTES RODOVIÁRIOS LTDA.;1;PIRACICABA - RIBEIRAO PRETO;Rodoviária Convencional;Ativa
126;B;VIASOL TRANSPORTES RODOVIÁRIOS LTDA.;1;PIRACICABA - RIBEIRAO PRETO;Rodoviária Convencional;Ativa
126;C;VIASOL TRANSPORTES RODOVIÁRIOS LTDA.;1;PIRACICABA - RIBEIRAO PRETO;Rodoviária Convencional;Ativa
203;A;VIAÇÃO DANUBIO AZUL LTDA;1;ITAPEVI - ARAÇARIGUAMA;Semiurbana;Ativa
206;A;VIAÇÃO DANUBIO AZUL LTDA;1;COTIA - SAO ROQUE;Semiurbana;Ativa
210;A;VIAÇÃO DANUBIO AZUL LTDA;1;VARGEM GRANDE PAULISTA - SAO ROQUE;Semiurbana;Ativa
211;A;VIAÇÃO DANUBIO AZUL LTDA;1;ITAPEVI - SAO ROQUE;Semiurbana;Ativa
212;A;VIAÇÃO DANUBIO AZUL LTDA;1;PIRAPORA DO BOM JESUS - SAO ROQUE;Semiurbana;Ativa
212;B;VIAÇÃO DANUBIO AZUL LTDA;1;ARAÇARIGUAMA - SAO ROQUE;Semiurbana;Ativa
212;C;VIAÇÃO DANUBIO AZUL LTDA;1;PIRAPORA DO BOM JESUS - SAO ROQUE;Semiurbana;Ativa
280;A;VAT VIACAO ADAMANTINA DE TRANSPORTES LTDA;3;PEREIRA BARRETO - DRACENA;Rodoviária Convencional;Ativa
300;A;VIAÇÃO PARATY LTDA;4;JAU - BORACEIA;Rodoviária Convencional;Ativa
301;A;VIAÇÃO PARATY LTDA;4;JAU - DOIS CORREGOS;Rodoviária Convencional;Ativa
304;A;VIAÇÃO PARATY LTDA;4;JAU - ITAPUI;Rodoviária Convencional;Ativa
305;A;DAIANE GONCALVES DE LIMA LTDA;2;PRAÇA CENTRAL - PRAÇA MATRIZ;Rodoviária Convencional;Ativa
395;A;VIAÇÃO VALE DO TIETE LTDA;2;ITU - JUNDIAI;Rodoviária Convencional;Ativa
400;A;EXPRESSO ITAMARATI S/A;4;TAIACU - JABOTICABAL;Semiurbana;Ativa
400;B;EXPRESSO ITAMARATI S/A;4;TAIACU - BEBEDOURO;Semiurbana;Ativa
411;A;VIAÇÃO SANTA CRUZ LTDA;1;ITAPIRA - MOGI GUACU;Rodoviária Convencional;Ativa
511;A;VIAÇÃO VALE DO TIETE LTDA;2;SALTO - SÃO PAULO(BARRA FUNDA);Rodoviária Convencional;Ativa
577;A;EXPRESSO ITAMARATI S/A;4;SAO JOSE DO RIO PRETO - NHANDEARA;Semiurbana;Ativa
607;A;VIAÇÃO COMETA S/A;5;SÃO PAULO(BARRA FUNDA) - SOROCABA;Rodoviária Convencional;Ativa
607;B;VIAÇÃO COMETA S/A;5;OSASCO - SOROCABA;Rodoviária Convencional;Ativa
607;C;VIAÇÃO COMETA S/A;5;OSASCO - SOROCABA;Rodoviária Convencional;Ativa
630;A;VIAÇÃO VALE DO TIETE LTDA;2;SÃO PAULO(BARRA FUNDA) - BOTUCATU;Rodoviária Convencional;Ativa
728;A;VIAÇÃO COMETA S/A;5;SÃO PAULO (T.TIÊTE) - CAMPINAS;Rodoviária Convencional;Ativa
737;A;VIAÇÃO COMETA S/A;5;SÃO PAULO(BARRA FUNDA) - ITAPETININGA;Rodoviária Convencional;Ativa
770;A;VIAÇÃO COMETA S/A;5;SÃO PAULO (T.TIÊTE) - AGUAS DA PRATA;Rodoviária Convencional;Ativa
770;B;VIAÇÃO COMETA S/A;5;SAO BERNARDO DO CAMPO - JUNDIAI;Rodoviária Convencional;Ativa
828;A;VIAÇÃO COMETA S/A;5;SAO PAULO - FRANCA;Rodoviária Convencional;Ativa
828;B;VIAÇÃO COMETA S/A;5;SÃO PAULO (T.TIÊTE) - FRANCA;Rodoviária Convencional;Ativa
828;E;VIAÇÃO COMETA S/A;5;SAO PAULO - FRANCA;Rodoviário Executivo;Ativa
833;A;VIAÇÃO DANUBIO AZUL LTDA;1;COLINA - BARRETOS;Semiurbana;Ativa
872;A;EXPRESSO ITAMARATI S/A;4;SAO JOSE DO RIO PRETO - UCHOA;Semiurbana;Ativa
935;A;EXPRESSO ITAMARATI S/A;4;SAO JOSE DO RIO PRETO - ILHA SOLTEIRA;Rodoviária Convencional;Ativa
968;A;VIAÇÃO VALE DO TIETE LTDA;2;CABREUVA(B.JACARE) - SÃO PAULO(BARRA FUNDA);Rodoviária Convencional;Ativa
989;A;VIAÇÃO LIRA LTDA;1;CAMPINAS - ELIAS FAUSTO;Rodoviária Convencional;Ativa
990;A;VB TRANSPORTES E TURISMO LTDA;1;CAMPINAS - GUARULHOS(AER.INT.CUMBICA;Rodoviária Convencional;Ativa
994;A;ELUX S.S. EXPRESSO LUXO SAO PAULO SANTOS LTDA;5;SAO PAULO(T.JABAQUARA) - SANTOS(PONTA DA PRAIA);Rodoviária Litorânea;Ativa
994;B;ELUX S.S. EXPRESSO LUXO SAO PAULO SANTOS LTDA;5;SÃO PAULO(AER.CONGONHAS) - SANTOS;Rodoviária Litorânea;Ativa
1025;A;ULTRA S/A - TRANSPORTES INTERURBANOS;5;SAO PAULO(T.JABAQUARA) - SAO VICENTE;Rodoviária Litorânea;Ativa
1088;A;VIAÇÃO COMETA S/A;5;SÃO PAULO (T.TIÊTE) - JUNDIAI;Rodoviária Convencional;Ativa
1088;B;VIAÇÃO COMETA S/A;5;SÃO PAULO (T.TIÊTE) - JUNDIAI;Rodoviária Convencional;Ativa
1088;C;VIAÇÃO COMETA S/A;5;SÃO PAULO(BARRA FUNDA) - JUNDIAI;Rodoviária Convencional;Ativa
1237;A;EXPRESSO ITAMARATI S/A;4;SAO JOSE DO RIO PRETO - NOVO HORIZONTE;Semiurbana;Ativa
1384;A;VIAÇÃO COMETA S/A;5;SÃO PAULO(BARRA FUNDA) - SAO JOSE DO RIO PRETO;Rodoviária Convencional;Ativa
1384;B;VIAÇÃO COMETA S/A;5;SÃO PAULO(BARRA FUNDA) - SAO JOSE DO RIO PRETO;Rodoviária Convencional;Ativa
1384;E;VIAÇÃO COMETA S/A;5;SÃO PAULO(BARRA FUNDA) - SAO JOSE DO RIO PRETO;Rodoviário Executivo;Ativa
1804;A;VAT VIACAO ADAMANTINA DE TRANSPORTES LTDA;3;ANDRADINA - ILHA SOLTEIRA;Semiurbana;Ativa
1807;A;EMPRESAS REUNIDAS PAULISTA DE TRANSPORTES LTDA;3;BAURU - ARACATUBA;Rodoviária Convencional;Ativa
1839;A;EMPRESA PRINCESA DO NORTE S/A;3;SÃO PAULO(BARRA FUNDA) - OURINHOS;Rodoviária Convencional;Ativa
2170;A;RAPIDO FENIX VIAÇÃO LTDA;1;BRAGANCA PAULISTA - SÃO PAULO (T.TIÊTE);Rodoviária Convencional;Ativa
2240;A;EMPRESA PRINCESA DO NORTE S/A;3;ALVILANDIA - MARILIA(TRP-VELHO);Semiurbana;Ativa
2401;A;VIAÇÃO SANTA CRUZ LTDA;1;OSASCO - CAMPINAS;Rodoviária Convencional;Ativa
2437;A;VAT VIACAO ADAMANTINA DE TRANSPORTES LTDA;3;BAURU - PIRATININGA;Semiurbana;Ativa
2451;A;PLENA TRANSPORTES LTDA ME;4;JAU - BOTUCATU;Rodoviária Convencional;Ativa
2457;A;VIAÇÃO DANUBIO AZUL LTDA;1;SÃO PAULO (T.TIÊTE) - SANTA RITA DO P.QUATRO;Rodoviária Convencional;Ativa
2457;E;VIAÇÃO DANUBIO AZUL LTDA;1;SÃO PAULO (T.TIÊTE) - SANTA RITA DO P.QUATRO;Rodoviário Executivo;Ativa
2480;A;CRISTALENSE TRANSPORTES E TURISMO LTDA;1;FRANCA - JERIQUARA;Semiurbana;Ativa
2670;A;VB TRANSPORTES E TURISMO LTDA;1;CAPIVARI - SANTA BARBARA DOESTE;Rodoviária Convencional;Ativa
2712;A;CRISTALENSE TRANSPORTES E TURISMO LTDA;1;FRANCA - USINA DO ESTREITO;Semiurbana;Ativa
2741;A;VIAÇÃO SANTA CRUZ LTDA;1;AGUAI - SAO JOAO DA BOA VISTA;Rodoviária Convencional;Ativa
2749;A;VIAÇÃO DANUBIO AZUL LTDA;1;CAJURU - SÃO PAULO (T.TIÊTE);Rodoviária Convencional;Ativa
2749;E;VIAÇÃO DANUBIO AZUL LTDA;1;CAJURU - SÃO PAULO (T.TIÊTE);Rodoviário Executivo;Ativa
2767;A;VIAÇÃO COMETA S/A;5;SAO CAETANO DO SUL - P.GRANDE(V.MIRIM);Rodoviária Litorânea;Ativa
2767;B;VIAÇÃO COMETA S/A;5;SAO CAETANO DO SUL - SANTOS(T.MARIT.PASSAGEIROS);Rodoviária Litorânea;Ativa
2767;E;VIAÇÃO COMETA S/A;5;SAO CAETANO DO SUL - P.GRANDE(V.MIRIM);Rodoviária Litorânea;Ativa
3076;A;CRISTALENSE TRANSPORTES E TURISMO LTDA;1;FRANCA - ITIRAPUA;Semiurbana;Ativa
3321;A;EMPRESA PRINCESA DO NORTE S/A;3;OURINHOS - SANTA CRUZ RIO PARDO;Semiurbana;Ativa
3323;A;AUTO ÔNIBUS DEL OESTE LTDA - EPP;3;PIRAJU - TIMBURI;Semiurbana;Ativa
3334;A;RODOVIÁRIO IBITINGUENSE LTDA;3;BAURU - RIBEIRAO PRETO;Rodoviária Convencional;Ativa
3345;A;EMPRESAS REUNIDAS PAULISTA DE TRANSPORTES LTDA;3;ARACATUBA - SAO JOSE DO RIO PRETO;Rodoviária Convencional;Ativa
3353;A;VIAÇÃO PIRACICABANA S/A;3;SAO PEDRO - SÃO PAULO (T.TIÊTE);Rodoviária Convencional;Ativa
3353;E;VIAÇÃO PIRACICABANA S/A;3;SAO PEDRO - SÃO PAULO (T.TIÊTE);Rodoviário Executivo;Ativa
3408;A;RAPIDO LUXO CAMPINAS LTDA;1;JUNDIAI - ITUPEVA;Semiurbana;Ativa
3408;B;RAPIDO LUXO CAMPINAS LTDA;1;JUNDIAI - ITUPEVA;Semiurbana;Ativa
3408;C;RAPIDO LUXO CAMPINAS LTDA;1;ITUPEVA - JUNDIAI;Semiurbana;Ativa
3432;A;EMPRESAS REUNIDAS PAULISTA DE TRANSPORTES LTDA;3;CAMPINAS - ARACATUBA;Rodoviária Convencional;Ativa
3461;A;VB TRANSPORTES E TURISMO LTDA;1;BOTUCATU - CAMPINAS;Rodoviária Convencional;Ativa
3468;A;AGOSUZI TRANSPORTES LTDA;3;PENAPOLIS - SALTO AVANHANDAVA;Semiurbana;Ativa
3688;A;VIAÇÃO LIRA LTDA;1;CAMPINAS - JUNDIAI;Rodoviária Convencional;Ativa
3778;A;VIAÇÃO ATIBAIA SÃO PAULO LTDA;1;ATIBAIA - JUNDIAI;Semiurbana;Ativa
3809;A;VB TRANSPORTES E TURISMO LTDA;1;MONTE MOR - CAPIVARI;Rodoviária Convencional;Ativa
3836;A;RAPIDO FENIX VIAÇÃO LTDA;1;CAMPINAS - ITATIBA;Semiurbana;Ativa
3882;A;RAPIDO LUXO CAMPINAS LTDA;1;BOTUCATU - BOFETE;Rodoviária Convencional;Ativa
3892;A;VIASOL TRANSPORTES RODOVIÁRIOS LTDA.;1;PORTO FERREIRA - DESCALVADO;Rodoviária Convencional;Ativa
3931;A;EXPRESSO ITAMARATI S/A;4;SAO JOSE DO RIO PRETO - SANTA FE DO SUL;Rodoviária Convencional;Ativa
3966;A;AUTO VIAÇÃO BRAGANCA LTDA;1;BRAGANCA PAULISTA - SÃO PAULO (T.TIÊTE);Rodoviária Convencional;Ativa
3984;A;RAPIDO FENIX VIAÇÃO LTDA;1;SÃO PAULO (T.TIÊTE) - AGUAS DE LINDOIA;Rodoviária Convencional;Ativa
4025;A;EMPRESA PRINCESA DO NORTE S/A;3;OURINHOS - SAO BERNARDO DO CAMPO;Rodoviária Convencional;Ativa
4025;E;EMPRESA PRINCESA DO NORTE S/A;3;OURINHOS - SAO BERNARDO DO CAMPO;Rodoviário Executivo;Ativa
4040;A;TRANSPEN-TRANSPORTE COLETIVO E ENCOMENDAS LTDA;2;SAO PAULO - ITARARE;Rodoviária Convencional;Ativa
4040;B;TRANSPEN-TRANSPORTE COLETIVO E ENCOMENDAS LTDA;2;SAO PAULO - ITARARE;Rodoviária Convencional;Ativa
4053;A;RAPIDO FENIX VIAÇÃO LTDA;1;BRAGANCA PAULISTA - JUNDIAI;Semiurbana;Ativa
4078;A;TRANSPEN-TRANSPORTE COLETIVO E ENCOMENDAS LTDA;2;SÃO PAULO(BARRA FUNDA) - APIAI;Rodoviária Convencional;Ativa
4103;A;VIAÇÃO GUAXUPE LTDA;1;CACONDE - SAO JOAO DA BOA VISTA;Rodoviária Convencional;Ativa
4140;A;GUERINO SEISCENTO TRANSPORTES S/A;3;BIRIGUI - ARACATUBA;Semiurbana;Ativa
4147;A;PLENA TRANSPORTES LTDA ME;4;JAU - ITAPOLIS;Rodoviária Convencional;Ativa
4246;A;VIAÇÃO DANUBIO AZUL LTDA;1;OLIMPIA - SÃO PAULO (T.TIÊTE);Rodoviária Convencional;Ativa
4246;E;VIAÇÃO DANUBIO AZUL LTDA;1;OLIMPIA - SÃO PAULO (T.TIÊTE);Rodoviário Executivo;Ativa
4262;A;EMPRESA DE TRANSPORTES ANDORINHA S/A;3;PRESIDENTE PRUDENTE - BAURU;Rodoviária Convencional;Ativa
4291;A;RAPIDO LUXO CAMPINAS LTDA;1;JUNDIAI - CABREÚVA(PINHAL);Semiurbana;Ativa
4291;B;RAPIDO LUXO CAMPINAS LTDA;1;JUNDIAI - CABREÚVA(CESP);Semiurbana;Ativa
4291;C;RAPIDO LUXO CAMPINAS LTDA;1;JUNDIAI - CABREÚVA(CAMPING);Semiurbana;Ativa
4291;D;RAPIDO LUXO CAMPINAS LTDA;1;JUNDIAI - CABREUVA;Semiurbana;Ativa
4291;E;RAPIDO LUXO CAMPINAS LTDA;1;JUNDIAI - CABREUVA;Semiurbana;Ativa
4302;A;EMPRESA DE ÔNIBUS PASSARO MARRON S/A;5;SÃO PAULO (T.TIÊTE) - SAO SEBASTIAO;Rodoviária Litorânea;Ativa
4303;A;EMPRESA DE ÔNIBUS PASSARO MARRON S/A;5;SÃO PAULO (T.TIÊTE) - UBATUBA;Rodoviária Litorânea;Ativa
4311;A;EMPRESA DE ÔNIBUS PASSARO MARRON S/A;5;CARAGUATATUBA - SÃO PAULO (T.TIÊTE);Rodoviária Litorânea;Ativa
4317;A;VIAÇÃO SANTA CRUZ LTDA;1;SÃO PAULO (T.TIÊTE) - SAO JOSE DO RIO PARDO;Rodoviária Convencional;Ativa
4319;A;VIAÇÃO SANTA CRUZ LTDA;1;SÃO PAULO (T.TIÊTE) - MOCOCA;Rodoviária Convencional;Ativa
4355;A;VB TRANSPORTES E TURISMO LTDA;1;CAMPINAS - ITAPETININGA;Rodoviária Convencional;Ativa
4359;A;VIAÇÃO SANTA CRUZ LTDA;1;SÃO PAULO (T.TIÊTE) - TAPIRATIBA;Rodoviária Convencional;Ativa
4361;A;VIAÇÃO PIRACICABANA S/A;3;SÃO PAULO (T.TIÊTE) - SAO PEDRO;Rodoviária Convencional;Ativa
4364;A;VAT VIACAO ADAMANTINA DE TRANSPORTES LTDA;3;ARACATUBA - DRACENA;Rodoviária Convencional;Ativa
4384;A;VIAÇÃO SANTA CRUZ LTDA;1;CAMPINAS - MOGI GUACU;Rodoviária Convencional;Ativa
4396;A;VIAÇÃO PIRACICABANA S/A;3;MARILIA - BOTUCATU;Rodoviária Convencional;Ativa
4421;A;EMPRESA DE ÔNIBUS PASSARO MARRON S/A;5;SÃO PAULO (T.TIÊTE) - JACAREI;Rodoviária Convencional;Ativa
4422;A;EMPRESA DE ÔNIBUS PASSARO MARRON S/A;5;SÃO PAULO (T.TIÊTE) - JACAREI;Rodoviária Convencional;Ativa
4424;A;EMPRESA DE ÔNIBUS PASSARO MARRON S/A;5;SÃO PAULO (T.TIÊTE) - SAO JOSE DOS CAMPOS;Rodoviária Convencional;Ativa
4425;A;EMPRESA DE ÔNIBUS PASSARO MARRON S/A;5;SÃO PAULO (T.TIÊTE) - CACAPAVA;Rodoviária Convencional;Ativa
4427;A;EMPRESA DE ÔNIBUS PASSARO MARRON S/A;5;SÃO PAULO (T.TIÊTE) - TREMEMBE;Rodoviária Convencional;Ativa
4428;A;EMPRESA DE ÔNIBUS PASSARO MARRON S/A;5;SÃO PAULO (T.TIÊTE) - PINDAMONHANGABA;Rodoviária Convencional;Ativa
4429;A;EMPRESA DE ÔNIBUS PASSARO MARRON S/A;5;SÃO PAULO (T.TIÊTE) - GUARATINGUETA;Rodoviária Convencional;Ativa
4430;A;EMPRESA DE ÔNIBUS PASSARO MARRON S/A;5;SÃO PAULO (T.TIÊTE) - CRUZEIRO;Rodoviária Convencional;Ativa
4433;A;EMPRESA DE ÔNIBUS PASSARO MARRON S/A;5;GUARULHOS(AER.INT.CUMBICA - SAO JOSE DOS CAMPOS;Rodoviária Convencional;Ativa
4433;E;EMPRESA DE ÔNIBUS PASSARO MARRON S/A;5;GUARULHOS(AER.INT.CUMBICA - SAO JOSE DOS CAMPOS;Rodoviário Executivo;Ativa
4435;A;EMPRESA DE ÔNIBUS PASSARO MARRON S/A;5;PIQUETE - SÃO PAULO (T.TIÊTE);Rodoviária Convencional;Ativa
4443;A;VIAÇÃO COMETA S/A;5;SÃO PAULO (T.TIÊTE) - LORENA;Rodoviária Convencional;Ativa
4443;B;VIAÇÃO COMETA S/A;5;SÃO PAULO (T.TIÊTE) - LORENA;Rodoviária Convencional;Ativa
4488;A;EXPRESSO ITAMARATI S/A;4;PONTES GESTAL - TANABI;Semiurbana;Ativa
4497;A;TRANSPORTE COLETIVO CÉLICO EIRELI;4;BIRIGUI - LOURDES;Rodoviária Convencional;Ativa
4508;A;VB TRANSPORTES E TURISMO LTDA;1;INDAIATUBA - SÃO PAULO (T.TIÊTE);Rodoviária Convencional;Ativa
4535;A;VIAÇÃO LIRA LTDA;1;SÃO PAULO (T.TIÊTE) - CAMPINAS;Rodoviária Convencional;Ativa
4545;A;VB TRANSPORTES E TURISMO LTDA;1;CAMPINAS - ITU;Rodoviária Convencional;Ativa
4568;A;RAPIDO FENIX VIAÇÃO LTDA;1;SERRA NEGRA - AGUAS DE LINDOIA;Semiurbana;Ativa
4569;A;RAPIDO FENIX VIAÇÃO LTDA;1;CAMPINAS - SOCORRO;Rodoviária Convencional;Ativa
4596;A;VIAÇÃO COMETA S/A;5;SÃO PAULO (T.TIÊTE) - FRANCA;Rodoviária Convencional;Ativa
4597;A;TRANSPORTADORA SÃO PEDRO LTDA;2;ITAPETININGA - GUAREI;Rodoviária Convencional;Ativa
4629;A;VIAÇÃO PIRACICABANA S/A;3;PERUIBE - SAO PAULO(T.JABAQUARA);Rodoviária Litorânea;Ativa
4647;A;EXPRESSO INTEGRAÇÃO DO VALE LTDA - EPP;3;CRUZALIA - TARUMA;Semiurbana;Ativa
4656;A;EMPRESA DE TRANSPORTES ANDORINHA S/A;3;PRESIDENTE PRUDENTE - SÃO PAULO(BARRA FUNDA);Rodoviária Convencional;Ativa
4656;B;EMPRESA DE TRANSPORTES ANDORINHA S/A;3;IEPE - SÃO PAULO(BARRA FUNDA);Rodoviária Convencional;Ativa
4689;A;VIAÇÃO RAPIDO BRASIL S/A;5;SAO PAULO(T.JABAQUARA) - SAO VICENTE;Rodoviária Litorânea;Ativa
4689;B;VIAÇÃO RAPIDO BRASIL S/A;5;SAO PAULO(T.JABAQUARA) - SANTOS(RODOVIARIA);Rodoviária Litorânea;Ativa
4719;A;EXPRESSO ITAMARATI S/A;4;SAO JOSE DO RIO PRETO - MIRASSOL;Semiurbana;Ativa
4719;B;EXPRESSO ITAMARATI S/A;4;SAO JOSE DO RIO PRETO - MIRASSOL;Semiurbana;Ativa
4719;C;EXPRESSO ITAMARATI S/A;4;SAO JOSE DO RIO PRETO - MIRASSOL;Semiurbana;Ativa
4720;A;EXPRESSO ITAMARATI S/A;4;SAO JOSE DO RIO PRETO - NEVES PAULISTA;Semiurbana;Ativa
4720;B;EXPRESSO ITAMARATI S/A;4;SAO JOSE DO RIO PRETO - NEVES PAULISTA;Semiurbana;Ativa
4721;A;EXPRESSO ITAMARATI S/A;4;SAO JOSE DO RIO PRETO - MONTE APRAZIVEL;Semiurbana;Ativa
4736;A;RAPIDO D OESTE LTDA;1;RIBEIRAO PRETO - DIVINOLANDIA;Rodoviária Convencional;Ativa
4749;A;EMPRESAS REUNIDAS PAULISTA DE TRANSPORTES LTDA;3;ARACATUBA - RIBEIRAO PRETO;Rodoviária Convencional;Ativa
4760;A;AVOA DE CANDIDO MOTA LTDA - EPP;3;ASSIS - CANDIDO MOTA;Semiurbana;Ativa
4790;A;AUTO ÔNIBUS SOAMIN LTDA;5;JUQUITIBA - MIRACATU;Semiurbana;Ativa
4801;A;EXPRESSO ADAMANTINA LTDA;3;MARILIA - DRACENA;Rodoviária Convencional;Ativa
4832;A;EXPRESSO ITAMARATI S/A;4;SAO JOSE DO RIO PRETO - RIBEIRAO PRETO;Rodoviária Convencional;Ativa
4842;A;EMPRESAS REUNIDAS PAULISTA DE TRANSPORTES LTDA;3;BAURU - SAO CARLOS;Rodoviária Convencional;Ativa
4844;A;VAT VIACAO ADAMANTINA DE TRANSPORTES LTDA;3;BARIRI - BAURU;Semiurbana;Ativa
4844;B;VAT VIACAO ADAMANTINA DE TRANSPORTES LTDA;3;ITAPUI - BAURU;Semiurbana;Ativa
4845;A;EMPRESAS REUNIDAS PAULISTA DE TRANSPORTES LTDA;3;BAURU - ARARAQUARA;Rodoviária Convencional;Ativa
4856;A;RAPIDO LUXO CAMPINAS LTDA;1;JUNDIAI - CAMPO LIMPO PTA.(KRUPP);Semiurbana;Ativa
4856;B;RAPIDO LUXO CAMPINAS LTDA;1;JUNDIAI - CAMPO LIMPO PAULISTA;Semiurbana;Ativa
4856;C;RAPIDO LUXO CAMPINAS LTDA;1;JUNDIAI - CAMPO LIMPO PAULISTA;Semiurbana;Ativa
4856;D;RAPIDO LUXO CAMPINAS LTDA;1;CAMPO LIMPO PAULISTA - VARZEA PAULISTA;Semiurbana;Ativa
4856;E;RAPIDO LUXO CAMPINAS LTDA;1;JUNDIAI - CAMPO LIMPO PAULISTA;Semiurbana;Ativa
4856;F;RAPIDO LUXO CAMPINAS LTDA;1;CAMPO LIMPO PAULISTA - VARZEA PAULISTA;Semiurbana;Ativa
4889;A;EXPRESSO ITAMARATI S/A;4;SAO PAULO - SANTA FE DO SUL;Rodoviária Convencional;Ativa
4889;B;EXPRESSO ITAMARATI S/A;4;SAO PAULO - SANTA FE DO SUL;Rodoviária Convencional;Ativa
4889;E;EXPRESSO ITAMARATI S/A;4;SAO BERNARDO DO CAMPO - SANTA FE DO SUL;Rodoviário Executivo;Ativa
4956;A;VIAÇÃO PIRACICABANA S/A;3;SAO PAULO(T.JABAQUARA) - CUBATAO(JD.CASQUEIRO);Rodoviária Litorânea;Ativa
5008;A;VB TRANSPORTES E TURISMO LTDA;1;LIMEIRA - CAMPINAS;Rodoviária Convencional;Ativa
5052;A;RAPIDO FENIX VIAÇÃO LTDA;1;PINHALZINHO - CAMPINAS;Rodoviária Convencional;Ativa
5062;A;EXPRESSO ITAMARATI S/A;4;MONTE ALTO - RIBEIRAO PRETO;Semiurbana;Ativa
5072;A;RAPIDO RIO PARDO TRANSPORTE E TURISMO LTDA-EPP;3;SANTA CRUZ RIO PARDO - BERNARDINO DE CAMPOS;Semiurbana;Ativa
5081;A;VIAÇÃO PIRACICABANA S/A;3;ADAMANTINA - SÃO PAULO(BARRA FUNDA);Rodoviária Convencional;Ativa
5081;E;VIAÇÃO PIRACICABANA S/A;3;ADAMANTINA - SÃO PAULO(BARRA FUNDA);Rodoviário Executivo;Ativa
5084;A;EXPRESSO ITAMARATI S/A;4;SANTA FE DO SUL - ILHA SOLTEIRA;Semiurbana;Ativa
5121;A;JANDAIA TRANSPORTES E TURISMO LTDA;3;PRESIDENTE PRUDENTE - MARTINOPOLIS;Semiurbana;Ativa
5194;A;AUTO VIAÇÃO M.M. SOUZA TURISMO LTDA;1;RAFARD - CAPIVARI;Semiurbana;Ativa
5194;B;AUTO VIAÇÃO M.M. SOUZA TURISMO LTDA;1;RAFARD - CAPIVARI;Semiurbana;Ativa
5194;C;AUTO VIAÇÃO M.M. SOUZA TURISMO LTDA;1;RAFARD - CAPIVARI;Semiurbana;Ativa
5194;D;AUTO VIAÇÃO M.M. SOUZA TURISMO LTDA;1;RAFARD - CAPIVARI;Semiurbana;Ativa
5202;A;VIAÇÃO DANUBIO AZUL LTDA;1;SÃO PAULO(BARRA FUNDA) - PIEDADE;Rodoviária Convencional;Ativa
5203;A;VIAÇÃO DANUBIO AZUL LTDA;1;SÃO PAULO(BARRA FUNDA) - TAPIRAI;Rodoviária Convencional;Ativa
5207;A;VAT VIACAO ADAMANTINA DE TRANSPORTES LTDA;3;PRESIDENTE EPITACIO - ILHA SOLTEIRA;Rodoviária Convencional;Ativa
5218;A;VIACAO SC MIRIM GUACU LTDA;1;MOJI MIRIM - MOGI GUACU;Semiurbana;Ativa
5232;A;AUTO VIAÇÃO OURINHOS ASSIS LTDA;3;ASSIS - PORTO LEOPOLDINO;Semiurbana;Ativa
5233;A;VIAÇÃO COMETA S/A;5;SAO PAULO(T.JABAQUARA) - P.GRANDE(V.MIRIM);Rodoviária Litorânea;Ativa
5274;A;EMPRESA PRINCESA DO NORTE S/A;3;SÃO PAULO(BARRA FUNDA) - ITAPORANGA;Rodoviária Convencional;Ativa
5277;A;VIAÇÃO PARATY LTDA;4;ARARAQUARA - RIBEIRAO BONITO;Semiurbana;Ativa
5311;A;EXPRESSO ADAMANTINA LTDA;3;TUPI PAULISTA - PANORAMA;Semiurbana;Ativa
5312;A;EXPRESSO ADAMANTINA LTDA;3;DRACENA - SAO JOAO DO PAU DALHO;Semiurbana;Ativa
5324;A;VIAÇÃO PARATY LTDA;4;ARARAQUARA - MATAO;Semiurbana;Ativa
5345;A;RAPIDO FENIX VIAÇÃO LTDA;1;ITATIBA - JUNDIAI;Semiurbana;Ativa
5347;A;EXPRESSO ADAMANTINA LTDA;3;DRACENA - PANORAMA;Semiurbana;Ativa
5347;B;EXPRESSO ADAMANTINA LTDA;3;DRACENA - PANORAMA;Semiurbana;Ativa
5355;A;RAPIDO FENIX VIAÇÃO LTDA;1;AMPARO - ITAPIRA;Rodoviária Convencional;Ativa
5362;A;AUTO ÔNIBUS CIZINO ARAUJO LTDA;4;ARIRANHA - CATANDUVA;Semiurbana;Ativa
5389;A;VALLESUL TRANSPORTES E TURISMO LTDA;5;PERUIBE - ELDORADO;Rodoviária Litorânea;Ativa
5389;B;VALLESUL TRANSPORTES E TURISMO LTDA;5;REGISTRO - ELDORADO;Rodoviária Convencional;Ativa
5441;A;AUTO VIAÇÃO BRAGANCA LTDA;1;AGUAS DE LINDOIA - SÃO PAULO (T.TIÊTE);Rodoviária Convencional;Ativa
5441;E;AUTO VIAÇÃO BRAGANCA LTDA;1;AGUAS DE LINDOIA - SÃO PAULO (T.TIÊTE);Rodoviário Executivo;Ativa
5574;A;VIAÇÃO ATIBAIA SÃO PAULO LTDA;1;SÃO PAULO (T.TIÊTE) - JOANOPOLIS;Rodoviária Convencional;Ativa
5575;A;VIAÇÃO ATIBAIA SÃO PAULO LTDA;1;GUARULHOS - NAZARE PAULISTA;Semiurbana;Ativa
5584;A;RIBE TRANSPORTE LTDA - EPP;1;JARDINOPOLIS - RIBEIRAO PRETO;Semiurbana;Ativa
5584;B;RIBE TRANSPORTE LTDA - EPP;1;JARDINOPOLIS - RIBEIRAO PRETO;Semiurbana;Ativa
5592;A;EMPRESA DE ÔNIBUS LUCHINI LTDA;3;FAZENDA SANTA ROSA - ASSIS;Semiurbana;Ativa
5593;A;VIAÇÃO DANUBIO AZUL LTDA;1;SÃO PAULO (T.TIÊTE) - DESCALVADO;Rodoviária Convencional;Ativa
5593;E;VIAÇÃO DANUBIO AZUL LTDA;1;SÃO PAULO (T.TIÊTE) - DESCALVADO;Rodoviário Executivo;Ativa
5596;A;VIAÇÃO DANUBIO AZUL LTDA;1;SAO PAULO - TAMBAU;Rodoviária Convencional;Ativa
5598;A;CRISTALENSE TRANSPORTES E TURISMO LTDA;1;FRANCA - SAO JOSE DA BELA VISTA;Semiurbana;Ativa
5614;A;VALLESUL TRANSPORTES E TURISMO LTDA;5;ILHA COMPRIDA - SANTOS;Rodoviária Litorânea;Ativa
5624;A;VB TRANSPORTES E TURISMO LTDA;1;ELIAS FAUSTO - INDAIATUBA;Semiurbana;Ativa
5636;A;VIAÇÃO GUAXUPE LTDA;1;MOCOCA - TAPIRATIBA;Rodoviária Convencional;Ativa
5640;A;AUTO VIAÇÃO OURINHOS ASSIS LTDA;3;SAO PEDRO DO TURVO - OURINHOS;Semiurbana;Ativa
5664;A;EMPRESA PRINCESA DO NORTE S/A;3;AVARE - FARTURA;Semiurbana;Ativa
5668;A;EMPRESA PRINCESA DO NORTE S/A;3;TAQUARITUBA - ITARARE;Rodoviária Convencional;Ativa
5669;A;EMPRESA PRINCESA DO NORTE S/A;3;AVARE - ARANDU;Semiurbana;Ativa
5670;A;EMPRESA PRINCESA DO NORTE S/A;3;FARTURA - SÃO PAULO(BARRA FUNDA);Rodoviária Convencional;Ativa
5670;E;EMPRESA PRINCESA DO NORTE S/A;3;FARTURA - SÃO PAULO(BARRA FUNDA);Rodoviário Executivo;Ativa
5671;A;EMPRESA PRINCESA DO NORTE S/A;3;FARTURA - SÃO PAULO(BARRA FUNDA);Rodoviária Convencional;Ativa
5671;E;EMPRESA PRINCESA DO NORTE S/A;3;FARTURA - SÃO PAULO(BARRA FUNDA);Rodoviário Executivo;Ativa
5678;A;VB TRANSPORTES E TURISMO LTDA;1;JUNDIAI - VINHEDO;Semiurbana;Ativa
5712;A;RAPIDO LUXO CAMPINAS LTDA;1;INDAIATUBA - JUNDIAI;Semiurbana;Ativa
5712;B;RAPIDO LUXO CAMPINAS LTDA;1;INDAIATUBA - ITUPEVA;Semiurbana;Ativa
5714;A;RAPIDO FENIX VIAÇÃO LTDA;1;AMPARO - BRAGANCA PAULISTA;Rodoviária Convencional;Ativa
5739;A;AUTO VIAÇÃO BRAGANCA LTDA;1;BRAGANCA PAULISTA - PEDRA BELA;Semiurbana;Ativa
5743;A;AUTO VIAÇÃO OURINHOS ASSIS LTDA;3;OURINHOS - SANTA CRUZ RIO PARDO;Semiurbana;Ativa
5745;A;EMPRESA CURITIBA CERRO AZUL LTDA;2;APIAI - RIBEIRA;Rodoviária Convencional;Ativa
5747;A;RAPIDO FENIX VIAÇÃO LTDA;1;AMPARO - JUNDIAI;Rodoviária Convencional;Ativa
5768;A;VAT VIACAO ADAMANTINA DE TRANSPORTES LTDA;3;NOVA INDEPENDENCIA - ANDRADINA;Semiurbana;Ativa
5804;A;VIASOL TRANSPORTES RODOVIÁRIOS LTDA.;1;MOJI MIRIM - LIMEIRA;Rodoviária Convencional;Ativa
5806;A;EXPRESSO ITAMARATI S/A;4;ILHA SOLTEIRA - SÃO PAULO(BARRA FUNDA);Rodoviária Convencional;Ativa
5845;A;VIAÇÃO PIRACICABANA S/A;3;OSASCO - REGINOPOLIS;Rodoviária Convencional;Ativa
5846;A;VIAÇÃO PIRACICABANA S/A;3;SÃO PAULO (T.TIÊTE) - NOVO HORIZONTE;Rodoviária Convencional;Ativa
5846;E;VIAÇÃO PIRACICABANA S/A;3;SAO BERNARDO DO CAMPO - NOVO HORIZONTE;Rodoviário Executivo;Ativa
5847;A;VIAÇÃO PIRACICABANA S/A;3;RIBEIRAO PRETO - ARARAQUARA;Rodoviária Convencional;Ativa
5848;A;VIAÇÃO PIRACICABANA S/A;3;ARARAQUARA - SÃO PAULO (T.TIÊTE);Rodoviária Convencional;Ativa
5848;E;VIAÇÃO PIRACICABANA S/A;3;MONTE ALTO - SÃO PAULO (T.TIÊTE);Rodoviário Executivo;Ativa
5849;A;VIAÇÃO PIRACICABANA S/A;3;ARARAQUARA - AMERICO BRASILIENSE;Semiurbana;Ativa
5849;B;VIAÇÃO PIRACICABANA S/A;3;ARARAQUARA - AMERICO BRASILIENSE;Semiurbana;Ativa
5849;C;VIAÇÃO PIRACICABANA S/A;3;ARARAQUARA - AMERICO BRASILIENSE;Semiurbana;Ativa
5849;D;VIAÇÃO PIRACICABANA S/A;3;ARARAQUARA - AMERICO BRASILIENSE;Semiurbana;Ativa
5849;F;VIAÇÃO PIRACICABANA S/A;3;ARARAQUARA - AMERICO BRASILIENSE;Semiurbana;Ativa
5850;A;VIAÇÃO PIRACICABANA S/A;3;SAO CARLOS - RIBEIRAO PRETO;Rodoviária Convencional;Ativa
5865;A;EXPRESSO ADAMANTINA LTDA;3;DRACENA - PRESIDENTE EPITACIO;Rodoviária Convencional;Ativa
5870;A;VIASOL TRANSPORTES RODOVIÁRIOS LTDA.;1;DESCALVADO - SAO CARLOS;Rodoviária Convencional;Ativa
5882;A;EMPRESA DE ÔNIBUS PASSARO MARRON S/A;5;SÃO PAULO (T.TIÊTE) - CAMPOS DO JORDAO;Rodoviária Convencional;Ativa
5888;A;EXPRESSO ADAMANTINA LTDA;3;PACAEMBU - ADAMANTINA;Semiurbana;Ativa
5916;A;VIAÇÃO LUWASA LTDA;4;MARILIA - CATANDUVA;Rodoviária Convencional;Ativa
5916;B;VIAÇÃO LUWASA LTDA;4;MARILIA - CATANDUVA;Rodoviária Convencional;Ativa
5918;A;VIAÇÃO PIRACICABANA S/A;3;ARARAQUARA - SAO JOSE DO RIO PRETO;Rodoviária Convencional;Ativa
5919;A;VIAÇÃO LUWASA LTDA;4;SALES - CATANDUVA;Semiurbana;Ativa
5920;A;VIAÇÃO LUWASA LTDA;4;SABINO - LINS;Semiurbana;Ativa
5921;A;VIAÇÃO LUWASA LTDA;4;CATANDUVA - ITAJOBI;Semiurbana;Ativa
5923;A;VIAÇÃO LUWASA LTDA;4;CATANDUVA - PALMARES PAULISTA;Semiurbana;Ativa
5949;A;VIAÇÃO LUWASA LTDA;4;PONGAI - JULIO MESQUITA;Semiurbana;Ativa
5999;A;VB TRANSPORTES E TURISMO LTDA;1;RAFARD - PIRACICABA;Rodoviária Convencional;Ativa
6014;A;VIAÇÃO PARATY LTDA;4;SAO CARLOS - ARARAQUARA;Rodoviária Convencional;Ativa
6028;A;JANDAIA TRANSPORTES E TURISMO LTDA;3;PRESIDENTE PRUDENTE - NOVA PATRIA;Semiurbana;Ativa
6028;B;JANDAIA TRANSPORTES E TURISMO LTDA;3;PRESIDENTE PRUDENTE - NOVA PATRIA;Semiurbana;Ativa
6059;A;JANDAIA TRANSPORTES E TURISMO LTDA;3;PRESIDENTE PRUDENTE - SANTO EXPEDITO;Semiurbana;Ativa
6092;A;RAPIDO LUXO CAMPINAS LTDA;1;ITATINGA - RUBIÃO JUNIOR (UNESP);Semiurbana;Ativa
6109;A;TRANSPORTADORA TURÍSTICA LEONE LTDA;4;JABOTICABAL - PITANGUEIRAS;Semiurbana;Ativa
6142;A;VIAÇÃO COMETA S/A;5;SÃO PAULO(BARRA FUNDA) - TATUI;Rodoviária Convencional;Ativa
6144;A;VIAÇÃO SANTA CRUZ LTDA;1;SAO JOAO DA BOA VISTA - SÃO PAULO (T.TIÊTE);Rodoviária Convencional;Ativa
6154;A;TRANSPEN-TRANSPORTE COLETIVO E ENCOMENDAS LTDA;2;BARAO DE ANTONINA - ITARARE;Rodoviária Convencional;Ativa
6163;A;EMPRESA DE ÔNIBUS LUCHINI LTDA;3;BORÁ - SAO JOSE LARANJEIRAS;Semiurbana;Ativa
6186;A;VB TRANSPORTES E TURISMO LTDA;1;COSMOPOLIS - LIMEIRA;Semiurbana;Ativa
6194;A;VB TRANSPORTES E TURISMO LTDA;1;CONCHAL - COSMOPOLIS;Rodoviária Convencional;Ativa
6206;A;EXPRESSO ADAMANTINA LTDA;3;MARILIA - RIBEIRAO PRETO;Rodoviária Convencional;Ativa
6218;A;TURISMAR TRANSPORTE E TURISMO LTDA;3;MARILIA - GARCA;Semiurbana;Ativa
6234;A;TRANSPORTE COLETIVO CÉLICO EIRELI;4;BURITAMA - JOSE BONIFACIO;Semiurbana;Ativa
6240;A;EXPRESSO AMARELINHO LTDA;2;CAPAO BONITO - ITAPETININGA;Rodoviária Convencional;Ativa
6241;A;EXPRESSO AMARELINHO LTDA;2;ITAPETININGA - ITAPEVA;Rodoviária Convencional;Ativa
6251;A;REAL EXPRESSO LTDA;5;SÃO PAULO (T.TIÊTE) - IGARAPAVA;Rodoviária Convencional;Ativa
6257;A;VB TRANSPORTES E TURISMO LTDA;1;ITAPETININGA - CAMPINAS;Rodoviária Convencional;Ativa
6267;A;RAPIDO RIBEIRAO PRETO LTDA;1;RIBEIRAO PRETO - SÃO PAULO (T.TIÊTE);Rodoviária Convencional;Ativa
6268;A;RAPIDO LINENSE LTDA;3;LINS - GETULINA;Semiurbana;Ativa
6276;A;JANDAIA TRANSPORTES E TURISMO LTDA;3;PRESIDENTE PRUDENTE - TARABAI;Semiurbana;Ativa
6277;A;JANDAIA TRANSPORTES E TURISMO LTDA;3;PRESIDENTE PRUDENTE - PIRAPOZINHO;Semiurbana;Ativa
6281;A;RAPIDO FENIX VIAÇÃO LTDA;1;AMPARO - CAMPINAS;Semiurbana;Ativa
6286;A;RAPIDO LINENSE LTDA;3;LINS - PENAPOLIS;Semiurbana;Ativa
6290;A;EMPRESA DE ÔNIBUS PASSARO MARRON S/A;5;CAMPOS DO JORDAO - CAMPINAS;Rodoviária Convencional;Ativa
6297;A;VIAÇÃO ATIBAIA SÃO PAULO LTDA;1;ATIBAIA - CAMPINAS;Rodoviária Convencional;Ativa
6309;A;RAPIDO D OESTE LTDA;1;RIBEIRAO PRETO - SANTA ROSA DO VITERBO;Semiurbana;Ativa
6309;B;RAPIDO D OESTE LTDA;1;RIBEIRAO PRETO - SANTA ROSA DO VITERBO;Semiurbana;Ativa
6310;A;RAPIDO D OESTE LTDA;1;RIBEIRAO PRETO - RINCAO;Semiurbana;Ativa
6311;A;RAPIDO D OESTE LTDA;1;RIBEIRAO PRETO - SAO JOSE DO RIO PRETO;Rodoviária Convencional;Ativa
6312;A;RAPIDO D OESTE LTDA;1;RIBEIRAO PRETO - TAQUARITINGA;Semiurbana;Ativa
6312;B;RAPIDO D OESTE LTDA;1;RIBEIRAO PRETO - TAQUARITINGA;Semiurbana;Ativa
6313;A;RAPIDO D OESTE LTDA;1;RIBEIRAO PRETO - BEBEDOURO;Semiurbana;Ativa
6315;A;RAPIDO D OESTE LTDA;1;SAO SIMAO - LUIZ ANTONIO;Semiurbana;Ativa
6319;A;TRANSPORTADORA TURÍSTICA PETITTO LTDA;1;GUARIBA - RIBEIRAO PRETO;Semiurbana;Ativa
6319;B;TRANSPORTADORA TURÍSTICA PETITTO LTDA;1;GUARIBA - RIBEIRAO PRETO;Semiurbana;Ativa
6320;A;RAPIDO D OESTE LTDA;1;RIBEIRAO PRETO - MOCOCA;Rodoviária Convencional;Ativa
6321;A;RAPIDO D OESTE LTDA;1;RIBEIRAO PRETO - CACONDE;Rodoviária Convencional;Ativa
6322;A;RAPIDO D OESTE LTDA;1;RIBEIRAO PRETO - LUIZ ANTONIO;Semiurbana;Ativa
6327;A;AUTO VIAÇÃO OURINHOS ASSIS LTDA;3;PALMITAL - PLATINA;Semiurbana;Ativa
6352;A;EMPRESAS REUNIDAS PAULISTA DE TRANSPORTES LTDA;3;BAURU - SAO JOSE DO RIO PRETO;Rodoviária Convencional;Ativa
6374;A;JANDAIA TRANSPORTES E TURISMO LTDA;3;PRESIDENTE PRUDENTE - SANDOVALINA;Semiurbana;Ativa
6376;A;VIAÇÃO COMETA S/A;5;SAO BERNARDO DO CAMPO - RIBEIRAO PRETO;Rodoviária Convencional;Ativa
6376;E;VIAÇÃO COMETA S/A;5;SAO BERNARDO DO CAMPO - RIBEIRAO PRETO;Rodoviário Executivo;Ativa
6389;A;VB TRANSPORTES E TURISMO LTDA;1;PIRACICABA - LIMEIRA;Rodoviária Convencional;Ativa
6419;A;VALLESUL TRANSPORTES E TURISMO LTDA;5;SÃO PAULO(BARRA FUNDA) - CANANEIA;Rodoviária Litorânea;Ativa
6419;B;VALLESUL TRANSPORTES E TURISMO LTDA;5;REGISTRO - CANANEIA;Rodoviária Litorânea;Ativa
6421;A;VALLESUL TRANSPORTES E TURISMO LTDA;5;SÃO PAULO(BARRA FUNDA) - ILHA COMPRIDA;Rodoviária Litorânea;Ativa
6433;A;VIAÇÃO PIRACICABANA S/A;3;BAURU - SÃO PAULO(BARRA FUNDA);Rodoviária Convencional;Ativa
6437;A;VIAÇÃO ATIBAIA SÃO PAULO LTDA;1;NAZARE PAULISTA - SÃO PAULO (T.TIÊTE);Rodoviária Convencional;Ativa
6459;A;AUTO ÔNIBUS DEL OESTE LTDA - EPP;3;PIRAJU - AGUAS DE SANTA BARBARA;Semiurbana;Ativa
6460;A;CRISTALENSE TRANSPORTES E TURISMO LTDA;1;FRANCA - ITUVERAVA;Semiurbana;Ativa
6461;A;CRISTALENSE TRANSPORTES E TURISMO LTDA;1;FRANCA - RIBEIRAO CORRENTE;Semiurbana;Ativa
6471;A;EMPRESA PRINCESA DO NORTE S/A;3;PIRAJU - BAURU;Rodoviária Convencional;Ativa
6492;A;VIAÇÃO COMETA S/A;5;MOGI DAS CRUZES - RIBEIRAO PIRES;Rodoviária Litorânea;Ativa
6540;A;EMPRESA DE TRANSPORTES ANDORINHA S/A;3;PRESIDENTE PRUDENTE - TEODORO SAMPAIO;Semiurbana;Ativa
6546;A;GUERINO SEISCENTO TRANSPORTES S/A;3;TUPA - GABRIEL MONTEIRO;Semiurbana;Ativa
6547;A;GUERINO SEISCENTO TRANSPORTES S/A;3;PENAPOLIS - SAO JOSE DO RIO PRETO;Rodoviária Convencional;Ativa
6548;A;GUERINO SEISCENTO TRANSPORTES S/A;3;CLEMENTINA - ARACATUBA;Semiurbana;Ativa
6549;A;GUERINO SEISCENTO TRANSPORTES S/A;3;TUPA - CLEMENTINA;Semiurbana;Ativa
6551;A;GUERINO SEISCENTO TRANSPORTES S/A;3;TUPA - ARCO IRIS;Semiurbana;Ativa
6552;A;GUERINO SEISCENTO TRANSPORTES S/A;3;LINS - TUPA;Rodoviária Convencional;Ativa
6556;A;EMPRESAS REUNIDAS PAULISTA DE TRANSPORTES LTDA;3;ARACATUBA - ILHA SOLTEIRA;Rodoviária Convencional;Ativa
6562;A;EXPRESSO AMARELINHO LTDA;2;BURI - ITAPEVA;Semiurbana;Ativa
6570;A;EMPRESA PRINCESA DO NORTE S/A;3;AVARE - AGUAS DE SANTA BARBARA;Semiurbana;Ativa
6580;A;RAPIDO D OESTE LTDA;1;OLIMPIA - BEBEDOURO;Rodoviária Convencional;Ativa
6583;A;EMPRESAS REUNIDAS PAULISTA DE TRANSPORTES LTDA;3;BAURU - ANDRADINA;Rodoviária Convencional;Ativa
6584;A;EMPRESAS REUNIDAS PAULISTA DE TRANSPORTES LTDA;3;BAURU - ILHA SOLTEIRA;Rodoviária Convencional;Ativa
6585;A;VAT VIACAO ADAMANTINA DE TRANSPORTES LTDA;3;MIRANDOPOLIS - ANDRADINA;Semiurbana;Ativa
6591;A;EMPRESA DE TRANSPORTES ANDORINHA S/A;3;IEPE - PRESIDENTE PRUDENTE;Semiurbana;Ativa
6598;A;RAPIDO FENIX VIAÇÃO LTDA;1;CAMPINAS - BRAGANCA PAULISTA;Rodoviária Convencional;Ativa
6603;A;EMPRESA DE ÔNIBUS LUCHINI LTDA;3;PEDRINHAS PAULISTA - ASSIS;Rodoviária Convencional;Ativa
6607;A;RAPIDO LINENSE LTDA;3;LINS - SABINO;Semiurbana;Ativa
6622;A;RODOVIÁRIO IBITINGUENSE LTDA;3;BAURU - AREALVA;Semiurbana;Ativa
6629;A;RAPIDO LUXO CAMPINAS LTDA;1;AVARE - AGUAS DE SANTA BARBARA;Semiurbana;Ativa
6631;A;AUTO VIAÇÃO M.M. SOUZA TURISMO LTDA;1;CAPIVARI - TIETE;Rodoviária Convencional;Ativa
6642;A;GUERINO SEISCENTO TRANSPORTES S/A;3;ASSIS - PRESIDENTE PRUDENTE;Semiurbana;Ativa
6708;A;EMPRESA PRINCESA DO NORTE S/A;3;MARILIA - OCAUÇU;Semiurbana;Ativa
6723;A;EXPRESSO INTEGRAÇÃO DO VALE LTDA - EPP;3;TARUMA - FLORINEA;Semiurbana;Ativa
6734;A;EMPRESA DE TRANSPORTES ANDORINHA S/A;3;PRESIDENTE PRUDENTE - CAMPINAS;Rodoviária Convencional;Ativa
6737;A;VIAÇÃO SÃO BENTO LTDA;1;SAO JOAQUIM DA BARRA - GUAIRA;Semiurbana;Ativa
6738;A;VIAÇÃO SÃO BENTO LTDA;1;RIBEIRAO PRETO - SERRA AZUL;Semiurbana;Ativa
6741;A;VIAÇÃO SÃO BENTO LTDA;1;RIBEIRAO PRETO - FRANCA;Rodoviária Convencional;Ativa
6743;A;VIAÇÃO SÃO BENTO LTDA;1;MIGUELOPOLIS - ITUVERAVA;Semiurbana;Ativa
6745;A;VIAÇÃO SÃO BENTO LTDA;1;RIBEIRAO PRETO - BARRINHA;Semiurbana;Ativa
6750;A;TRANSPEN-TRANSPORTE COLETIVO E ENCOMENDAS LTDA;2;APIAI - ITAPEVA;Rodoviária Convencional;Ativa
6760;A;VIAÇÃO SANTA CRUZ LTDA;1;SÃO PAULO(BARRA FUNDA) - BARIRI;Rodoviária Convencional;Ativa
6766;A;VIAÇÃO SÃO BENTO LTDA;1;NUPORANGA - MORRO AGUDO;Rodoviária Convencional;Ativa
6781;A;TRANSPORTE COLETIVO CÉLICO EIRELI;4;TUPA - SAO JOSE DO RIO PRETO;Rodoviária Convencional;Ativa
6782;A;TRANSPORTE COLETIVO CÉLICO EIRELI;4;JOSE BONIFACIO - SAO JOSE DO RIO PRETO;Semiurbana;Ativa
6784;A;TRANSPORTE COLETIVO CÉLICO EIRELI;4;PENAPOLIS - JOSE BONIFACIO;Semiurbana;Ativa
6785;A;VIAÇÃO SÃO BENTO LTDA;1;ORLANDIA - NUPORANGA;Rodoviária Convencional;Ativa
6792;A;RAPIDO FENIX VIAÇÃO LTDA;1;ITAPIRA - SOCORRO;Rodoviária Convencional;Ativa
6826;A;TRANSPORTE COLETIVO CÉLICO EIRELI;4;JOSE BONIFACIO - SANTA LUZIA;Semiurbana;Ativa
6827;A;EMPRESA DE ÔNIBUS LUCHINI LTDA;3;ASSIS - MARACAI;Semiurbana;Ativa
6832;A;EXPRESSO ITAMARATI S/A;4;SAO JOSE DO RIO PRETO - BARRETOS;Semiurbana;Ativa
6839;A;VIAÇÃO COMETA S/A;5;SAO PAULO(T.JABAQUARA) - SAO VICENTE;Rodoviária Litorânea;Ativa
6839;B;VIAÇÃO COMETA S/A;5;SÃO PAULO(AER.CONGONHAS) - SANTOS(PONTA DA PRAIA);Rodoviária Litorânea;Ativa
6839;C;VIAÇÃO COMETA S/A;5;SAO PAULO(T.JABAQUARA) - SANTOS(PONTA DA PRAIA);Rodoviária Litorânea;Ativa
6839;D;VIAÇÃO COMETA S/A;5;SAO PAULO(T.JABAQUARA) - SANTOS(T.MARIT.PASSAGEIROS);Rodoviária Litorânea;Ativa
6847;A;TRANSPEN-TRANSPORTE COLETIVO E ENCOMENDAS LTDA;2;GUAPIARA - ITAPEVA;Rodoviária Convencional;Ativa
6858;A;VIAÇÃO COMETA S/A;5;SÃO PAULO (T.TIÊTE) - ARARAQUARA;Rodoviária Convencional;Ativa
6858;E;VIAÇÃO COMETA S/A;5;SÃO PAULO (T.TIÊTE) - ARARAQUARA;Rodoviário Executivo;Ativa
6861;A;JODI ITAPEVA TRANSPORTES LTDA;2;ITAPEVA - APIAI(RODOVIARIA);Semiurbana;Ativa
6893;A;VIAÇÃO LOPES LTDA;3;LUCELIA - ADAMANTINA;Semiurbana;Ativa
6899;A;EMPRESAS REUNIDAS PAULISTA DE TRANSPORTES LTDA;3;SÃO PAULO(BARRA FUNDA) - ILHA SOLTEIRA;Rodoviária Convencional;Ativa
6919;A;GUERINO SEISCENTO TRANSPORTES S/A;3;ARACATUBA - RANCHARIA;Rodoviária Convencional;Ativa
6921;A;EXPRESSO ADAMANTINA LTDA;3;TUPA - RANCHARIA;Semiurbana;Ativa
6924;A;GUERINO SEISCENTO TRANSPORTES S/A;3;BIRIGUI - SANTOPOLIS DO AGUAPEI;Rodoviária Convencional;Ativa
6937;A;VAT VIACAO ADAMANTINA DE TRANSPORTES LTDA;3;ANALANDIA - PIRATININGA;Rodoviária Convencional;Ativa
6950;A;VIAÇÃO SANTA CRUZ LTDA;1;CAMPINAS - SANTO ANTONIO JARDIM;Rodoviária Convencional;Ativa
6962;A;VAT VIACAO ADAMANTINA DE TRANSPORTES LTDA;3;ARACATUBA - ILHA SOLTEIRA;Rodoviária Convencional;Ativa
6967;A;CRISTALENSE TRANSPORTES E TURISMO LTDA;1;FRANCA - PEDREGULHO;Semiurbana;Ativa
6985;A;VIAÇÃO PIRACICABANA S/A;3;MARILIA - SÃO PAULO(BARRA FUNDA);Rodoviária Convencional;Ativa
6985;B;VIAÇÃO PIRACICABANA S/A;3;MARILIA - SÃO PAULO(BARRA FUNDA);Rodoviária Convencional;Ativa
6985;C;VIAÇÃO PIRACICABANA S/A;3;MARILIA - SÃO PAULO(BARRA FUNDA);Rodoviário Executivo;Ativa
6985;E;VIAÇÃO PIRACICABANA S/A;3;MARILIA - SÃO PAULO(BARRA FUNDA);Rodoviário Executivo;Ativa
6986;A;VIAÇÃO PIRACICABANA S/A;3;TUPA - SÃO PAULO(BARRA FUNDA);Rodoviária Convencional;Ativa
6986;E;VIAÇÃO PIRACICABANA S/A;3;TUPA - SÃO PAULO(BARRA FUNDA);Rodoviário Executivo;Ativa
6987;A;VIAÇÃO PIRACICABANA S/A;3;BAURU - SÃO PAULO(BARRA FUNDA);Rodoviária Convencional;Ativa
6987;B;VIAÇÃO PIRACICABANA S/A;3;BAURU - SÃO PAULO(BARRA FUNDA);Rodoviária Convencional;Ativa
6987;C;VIAÇÃO PIRACICABANA S/A;3;BAURU - SÃO PAULO(BARRA FUNDA);Rodoviário Executivo;Ativa
6987;D;VIAÇÃO PIRACICABANA S/A;3;BAURU - SÃO PAULO(BARRA FUNDA);Rodoviário Executivo;Ativa
6989;A;VIAÇÃO SÃO BENTO LTDA;1;RIBEIRAO PRETO - IGARAPAVA;Rodoviária Convencional;Ativa
6991;A;EMPRESA DE TRANSPORTES ANDORINHA S/A;3;PRESIDENTE PRUDENTE - SÃO PAULO(BARRA FUNDA);Rodoviária Convencional;Ativa
6995;A;EMPRESA DE TRANSPORTES ANDORINHA S/A;3;PRESIDENTE EPITACIO - SÃO PAULO(BARRA FUNDA);Rodoviária Convencional;Ativa
6996;A;RAPIDO LUXO CAMPINAS LTDA;1;BOTUCATU - SOROCABA;Rodoviária Convencional;Ativa
6997;A;RAPIDO LUXO CAMPINAS LTDA;1;TATUI - TORRE DE PEDRA;Rodoviária Convencional;Ativa
7002;A;RAPIDO FENIX VIAÇÃO LTDA;1;CAMPINAS - ATIBAIA;Rodoviária Convencional;Ativa
7011;A;VIAÇÃO COMETA S/A;5;CAMPINAS - P.GRANDE(V.MIRIM);Rodoviária Litorânea;Ativa
7011;B;VIAÇÃO COMETA S/A;5;CAMPINAS - SANTOS(T.MARIT.PASSAGEIROS);Rodoviária Litorânea;Ativa
7011;E;VIAÇÃO COMETA S/A;5;CAMPINAS - P.GRANDE(V.MIRIM);Rodoviário Executivo;Ativa
7025;A;EMPRESA PRINCESA DO NORTE S/A;3;TAQUARITUBA - AVARE;Semiurbana;Ativa
7027;A;VIAÇÃO SÃO BENTO LTDA;1;ALTINOPOLIS - SANTO ANTONIO ALEGRIA;Semiurbana;Ativa
7047;A;VAT VIACAO ADAMANTINA DE TRANSPORTES LTDA;3;ADAMANTINA - ARACATUBA;Rodoviária Convencional;Ativa
7051;A;VIAÇÃO COMETA S/A;5;CAMPINAS - FRANCA;Rodoviária Convencional;Ativa
7053;A;EMPRESA PRINCESA DO NORTE S/A;3;OURINHOS - MARILIA;Rodoviária Convencional;Ativa
7066;A;GUERINO SEISCENTO TRANSPORTES S/A;3;OURINHOS - SAO JOSE DO RIO PRETO;Rodoviária Convencional;Ativa
7083;A;VB TRANSPORTES E TURISMO LTDA;1;PIRACICABA - ARARAQUARA;Rodoviária Convencional;Ativa
7084;A;JANDAIA TRANSPORTES E TURISMO LTDA;3;CAIABU - PRESIDENTE PRUDENTE;Semiurbana;Ativa
7089;A;JANDAIA TRANSPORTES E TURISMO LTDA;3;ADAMANTINA - PRESIDENTE PRUDENTE;Semiurbana;Ativa
7090;A;JANDAIA TRANSPORTES E TURISMO LTDA;3;PRESIDENTE PRUDENTE - DRACENA;Semiurbana;Ativa
7091;A;JANDAIA TRANSPORTES E TURISMO LTDA;3;ANHUMAS - PRESIDENTE PRUDENTE;Semiurbana;Ativa
7095;A;VIAÇÃO COMETA S/A;5;CAMPINAS - SAO JOSE DO RIO PRETO;Rodoviária Convencional;Ativa
7095;B;VIAÇÃO COMETA S/A;5;CAMPINAS - SAO JOSE DO RIO PRETO;Rodoviária Convencional;Ativa
7095;E;VIAÇÃO COMETA S/A;5;CAMPINAS - SAO JOSE DO RIO PRETO;Rodoviária Convencional;Ativa
7096;A;J.C. DOS SANTOS & SANTOS TRANSPORTES LTDA - ME;3;AVAI - BAURU;Semiurbana;Ativa
7106;A;VIAÇÃO COMETA S/A;5;CAMPINAS - LORENA;Rodoviária Convencional;Ativa
7118;A;VIAÇÃO PIRACEMA DE TRANSPORTE LTDA;1;PIRACICABA - BOTUCATU;Rodoviária Convencional;Ativa
7119;A;VIAÇÃO PIRACEMA DE TRANSPORTE LTDA;1;PIRACICABA - SAO PEDRO;Rodoviária Convencional;Ativa
7120;A;JANDAIA TRANSPORTES E TURISMO LTDA;3;PRESIDENTE PRUDENTE - INDIANA;Semiurbana;Ativa
7121;A;JANDAIA TRANSPORTES E TURISMO LTDA;3;SANTO EXPEDITO - DRACENA;Semiurbana;Ativa
7140;A;VAT VIACAO ADAMANTINA DE TRANSPORTES LTDA;3;ARACATUBA - GUARARAPES;Semiurbana;Ativa
7141;A;GUERINO SEISCENTO TRANSPORTES S/A;3;MARILIA - POMPEIA;Semiurbana;Ativa
7150;A;AUTO VIAÇÃO OURINHOS ASSIS LTDA;3;CAMPOS NOVOS PAULISTA - CANDIDO MOTA;Semiurbana;Ativa
7158;A;E. MACIEL DE BARROS & CIA. LTDA - EPP;3;PENAPOLIS - LUIZIANIA;Semiurbana;Ativa
7164;A;TURISMAR TRANSPORTE E TURISMO LTDA;3;MARILIA - OCAUÇU;Semiurbana;Ativa
7185;A;EMPRESA DE TRANSPORTES ANDORINHA S/A;3;PRESIDENTE PRUDENTE - RIBEIRAO PRETO;Rodoviária Convencional;Ativa
7187;A;RAPIDO LUXO CAMPINAS LTDA;1;JUNDIAI - SANTANA DO PARNAIBA;Semiurbana;Ativa
7187;B;RAPIDO LUXO CAMPINAS LTDA;1;JUNDIAI - CAJAMAR;Semiurbana;Ativa
7187;C;RAPIDO LUXO CAMPINAS LTDA;1;CAMPO LIMPO PAULISTA - CAJAMAR;Semiurbana;Ativa
7187;D;RAPIDO LUXO CAMPINAS LTDA;1;JUNDIAI - SANTANA DO PARNAIBA;Semiurbana;Ativa
7187;E;RAPIDO LUXO CAMPINAS LTDA;1;JUNDIAI - CAJAMAR;Semiurbana;Ativa
7187;F;RAPIDO LUXO CAMPINAS LTDA;1;CAMPO LIMPO PAULISTA - CAJAMAR;Semiurbana;Ativa
7188;A;VIAÇÃO PIRACEMA DE TRANSPORTE LTDA;1;TATUI - PIRACICABA;Rodoviária Convencional;Ativa
7225;A;TRANSPEN-TRANSPORTE COLETIVO E ENCOMENDAS LTDA;2;ITAPETININGA - PARANAPANEMA;Rodoviária Convencional;Ativa
7227;A;TRANSPEN-TRANSPORTE COLETIVO E ENCOMENDAS LTDA;2;SÃO PAULO(BARRA FUNDA) - BURI;Rodoviária Convencional;Ativa
7228;A;TRANSPEN-TRANSPORTE COLETIVO E ENCOMENDAS LTDA;2;ITAPETININGA - RECHAN;Semiurbana;Ativa
7230;A;VALLESUL TRANSPORTES E TURISMO LTDA;5;REGISTRO - SANTOS;Rodoviária Litorânea;Ativa
7246;A;VIAÇÃO LUWASA LTDA;4;SALES - IBIRA;Semiurbana;Ativa
7265;A;VIAÇÃO CALVIPE LTDA;2;CONCHAS - SOROCABA;Rodoviária Convencional;Ativa
7267;A;ULTRA S/A - TRANSPORTES INTERURBANOS;5;SAO PAULO(T.JABAQUARA) - BERTIOGA(AGÊNCIA);Rodoviária Litorânea;Ativa
7277;A;EMPRESA DE TRANSPORTES ANDORINHA S/A;3;PRESIDENTE PRUDENTE - PRESIDENTE EPITACIO;Semiurbana;Ativa
7296;A;RAPIDO FENIX VIAÇÃO LTDA;1;AMPARO - MOJI MIRIM;Rodoviária Convencional;Ativa
7301;A;CRISTALENSE TRANSPORTES E TURISMO LTDA;1;FRANCA - ITUVERAVA;Semiurbana;Ativa
7322;A;EMPRESA PRINCESA DO NORTE S/A;3;ITAPEVA - TAQUARITUBA;Semiurbana;Ativa
7323;A;AUTO VIAÇÃO BRAGANCA LTDA;1;AGUAS DE LINDOIA - ITAPIRA;Semiurbana;Ativa
7326;A;VIAÇÃO SÃO BENTO LTDA;1;ALTINOPOLIS - CAJURU;Semiurbana;Ativa
7327;A;VIAÇÃO SÃO BENTO LTDA;1;SAO JOAQUIM DA BARRA - BURITIZAL;Semiurbana;Ativa
7335;A;VIAÇÃO PIRACICABANA S/A;3;MARILIA - AMERICANA;Rodoviária Convencional;Ativa
7342;A;GUERINO SEISCENTO TRANSPORTES S/A;3;RINOPOLIS - OSVALDO CRUZ;Semiurbana;Ativa
7343;A;VIAÇÃO CAMPO DOS OUROS LTDA;1;VARZEA PAULISTA - ESTAÇÃO DA LUZ;Rodoviária Convencional;Ativa
7343;B;VIAÇÃO CAMPO DOS OUROS LTDA;1;VARZEA PAULISTA - SÃO PAULO (T.TIÊTE);Rodoviária Convencional;Ativa
7361;A;EMPRESAS REUNIDAS PAULISTA DE TRANSPORTES LTDA;3;SÃO PAULO(BARRA FUNDA) - JOSE BONIFACIO;Rodoviária Convencional;Ativa
7372;A;RAPIDO FENIX VIAÇÃO LTDA;1;PEDREIRA - MOJI MIRIM;Rodoviária Convencional;Ativa
7381;A;VIAÇÃO PIRACICABANA S/A;3;MARILIA - SOROCABA;Rodoviária Convencional;Ativa
7381;B;VIAÇÃO PIRACICABANA S/A;3;MARILIA - SOROCABA;Rodoviária Convencional;Ativa
7390;A;GUERINO SEISCENTO TRANSPORTES S/A;3;LINS - ASSIS;Semiurbana;Ativa
7394;A;VIAÇÃO VALE DO TIETE LTDA;2;SÃO PAULO(BARRA FUNDA) - PORTO FELIZ;Rodoviária Convencional;Ativa
7395;A;RAPIDO LUXO CAMPINAS LTDA;1;TATUI - BOFETE;Rodoviária Convencional;Ativa
7398;A;EXPRESSO CIDADE NATUREZA TRANSPORTE LTDA;5;MOGI DAS CRUZES - SAO JOSE DOS CAMPOS;Rodoviária Convencional;Ativa
7401;A;VIAÇÃO PIRACICABANA S/A;3;PERUIBE - OSASCO;Rodoviária Litorânea;Ativa
7403;A;EMPRESA PRINCESA DO NORTE S/A;3;PARANAPANEMA - AVARE;Semiurbana;Ativa
7406;A;RAPIDO LUXO CAMPINAS LTDA;1;AVARE - SAO MANUEL;Semiurbana;Ativa
7406;B;RAPIDO LUXO CAMPINAS LTDA;1;SAO MANUEL - PRATINHA;Semiurbana;Ativa
7411;A;TURISMAR TRANSPORTE E TURISMO LTDA;3;MARILIA(TRP-NOVO) - JULIO MESQUITA;Semiurbana;Ativa
7448;A;EXPRESSO AMARELINHO LTDA;2;ITAPEVA - ITABERA;Semiurbana;Ativa
7461;A;VIAÇÃO DANUBIO AZUL LTDA;1;SÃO PAULO (T.TIÊTE) - GUAIRA;Rodoviária Convencional;Ativa
7461;E;VIAÇÃO DANUBIO AZUL LTDA;1;SÃO PAULO (T.TIÊTE) - GUAIRA;Rodoviário Executivo;Ativa
7463;A;VALLESUL TRANSPORTES E TURISMO LTDA;5;PARIQUERA-ACU - CAJATI;Rodoviária Litorânea;Ativa
7493;A;VIAÇÃO ITAQUERI LTDA;1;RIO DAS PEDRAS - PIRACICABA;Semiurbana;Ativa
7493;B;VIAÇÃO ITAQUERI LTDA;1;RIO DAS PEDRAS - PIRACICABA;Semiurbana;Ativa
7493;C;VIAÇÃO ITAQUERI LTDA;1;RIO DAS PEDRAS - PIRACICABA;Semiurbana;Ativa
7493;D;VIAÇÃO ITAQUERI LTDA;1;PIRACICABA - CHARQUEADA;Semiurbana;Ativa
7493;F;VIAÇÃO ITAQUERI LTDA;1;PIRACICABA - CHARQUEADA;Semiurbana;Ativa
7493;G;VIAÇÃO ITAQUERI LTDA;1;PIRACICABA - CHARQUEADA;Semiurbana;Ativa
7493;H;VIAÇÃO ITAQUERI LTDA;1;SALTINHO - PIRACICABA;Semiurbana;Ativa
7495;A;EMPRESA DE ÔNIBUS PASSARO MARRON S/A;5;CAMPINAS - SAO JOSE DOS CAMPOS;Rodoviária Convencional;Ativa
7496;A;RODOVIÁRIO IBITINGUENSE LTDA;3;BAURU - REGINOPOLIS;Semiurbana;Ativa
7503;A;AUTO VIAÇÃO OURINHOS ASSIS LTDA;3;OURINHOS - RIBEIRAO DO SUL;Semiurbana;Ativa
7548;A;TURISMAR TRANSPORTE E TURISMO LTDA;3;CAMPOS NOVOS PAULISTA - OCAUÇU;Semiurbana;Ativa
7578;A;PORTO DE REGISTRO TRANSPORTES LTDA;5;REGISTRO - CAJATI;Semiurbana;Ativa
7580;A;VIAÇÃO PARATY LTDA;4;SAO CARLOS - ARARAQUARA;Semiurbana;Ativa
7598;A;VB TRANSPORTES E TURISMO LTDA;1;CAPIVARI - PIRACICABA;Rodoviária Convencional;Ativa
7640;A;VIAÇÃO PIRACICABANA S/A;3;SÃO PAULO (T.TIÊTE) - ARARAQUARA;Rodoviária Convencional;Ativa
7640;B;VIAÇÃO PIRACICABANA S/A;3;OSASCO - IBITINGA;Rodoviária Convencional;Ativa
7640;E;VIAÇÃO PIRACICABANA S/A;3;SÃO PAULO (T.TIÊTE) - IBITINGA;Rodoviário Executivo;Ativa
7646;A;TRANSPEN-TRANSPORTE COLETIVO E ENCOMENDAS LTDA;2;BURI - SOROCABA;Rodoviária Convencional;Ativa
7678;A;AVOA DE CANDIDO MOTA LTDA - EPP;3;ASSIS - PLATINA;Semiurbana;Ativa
7683;A;RAPIDO FENIX VIAÇÃO LTDA;1;MONTE ALEGRE DO SUL - SÃO PAULO (T.TIÊTE);Rodoviária Convencional;Ativa
7684;A;EXPRESSO ITAMARATI S/A;4;SAO JOSE DO RIO PRETO - APARECIDA;Rodoviária Convencional;Ativa
7684;B;EXPRESSO ITAMARATI S/A;4;SAO JOSE DO RIO PRETO - APARECIDA;Rodoviária Convencional;Ativa
7684;E;EXPRESSO ITAMARATI S/A;4;SAO JOSE DO RIO PRETO - APARECIDA;Rodoviário Executivo;Ativa
7783;A;RAPIDO D OESTE LTDA;1;RIBEIRAO PRETO - MATAO;Semiurbana;Ativa
7789;A;EMPRESA PRINCESA DO NORTE S/A;3;OURINHOS - CAMPINAS;Rodoviária Convencional;Ativa
7813;A;GUERINO SEISCENTO TRANSPORTES S/A;3;ASSIS - CAMPINAS;Rodoviária Convencional;Ativa
7831;A;EXPRESSO ITAMARATI S/A;4;SANTA FE DO SUL - RIBEIRAO PRETO;Rodoviária Convencional;Ativa
7832;A;EXPRESSO ITAMARATI S/A;4;ILHA SOLTEIRA - RIBEIRAO PRETO;Rodoviária Convencional;Ativa
7846;A;AUTO ÔNIBUS DEL OESTE LTDA - EPP;3;PIRAJU - TAQUARITUBA;Semiurbana;Ativa
7847;A;EXPRESSO ADAMANTINA LTDA;3;TUPI PAULISTA - CAMPINAS;Rodoviária Convencional;Ativa
7848;A;RAPIDO D OESTE LTDA;1;RIBEIRAO PRETO - AGUAS DA PRATA;Rodoviária Convencional;Ativa
7856;A;EXPRESSO ITAMARATI S/A;4;MIRASSOL - BALSAMO;Semiurbana;Ativa
7859;A;VIAÇÃO RAPIDO BRASIL S/A;5;SAO PAULO(T.JABAQUARA) - GUARUJA;Rodoviária Litorânea;Ativa
7863;A;VIAÇÃO LUWASA LTDA;4;JULIO MESQUITA - MARILIA(TRP-NOVO);Semiurbana;Ativa
7872;A;VIAÇÃO PARATY LTDA;4;SAO CARLOS - ITIRAPINA;Semiurbana;Ativa
7875;A;EMPRESA DE TRANSPORTES ANDORINHA S/A;3;PRESIDENTE PRUDENTE - CAMPINAS;Rodoviária Convencional;Ativa
7893;A;RODOVIÁRIO IBITINGUENSE LTDA;3;GARCA - ALV.CARV.(PENITENCIARIA);Semiurbana;Ativa
7903;A;VIAÇÃO COMETA S/A;5;SÃO PAULO(BARRA FUNDA) - CATANDUVA;Rodoviária Convencional;Ativa
7909;A;VIAÇÃO DANUBIO AZUL LTDA;1;SÃO PAULO(BARRA FUNDA) - IBIUNA;Rodoviária Convencional;Ativa
7931;A;RAPIDO FENIX VIAÇÃO LTDA;1;AMPARO - MOSTARDAS;Semiurbana;Ativa
7938;A;VIAÇÃO PIRACICABANA S/A;3;NOVA EUROPA - ITAPOLIS;Rodoviária Convencional;Ativa
7944;A;VIAÇÃO LOPES LTDA;3;OSVALDO CRUZ - SAGRES(PLACA 28);Semiurbana;Ativa
7946;A;EMPRESA DE ÔNIBUS PASSARO MARRON S/A;5;SAO JOSE DOS CAMPOS - CAMPINAS;Rodoviária Convencional;Ativa
7947;A;TRANSPORTADORA SÃO PEDRO LTDA;2;GUAREI - QUADRA;Rodoviária Convencional;Ativa
7955;A;RAPIDO FENIX VIAÇÃO LTDA;1;AGUAS DE LINDOIA - MONGAGUA;Rodoviária Litorânea;Ativa
7964;A;VIAÇÃO SANTA CRUZ LTDA;1;CAMPINAS - ESPIRITO SANTO PINHAL;Rodoviária Convencional;Ativa
7974;A;VIAÇÃO PIRACICABANA S/A;3;BAURU - MARILIA;Rodoviária Convencional;Ativa
7978;A;CRISTALENSE TRANSPORTES E TURISMO LTDA;1;FRANCA - RIFAINA;Semiurbana;Ativa
7981;A;EMPRESA DE ÔNIBUS LUCHINI LTDA;3;FRUTAL DO CAMPO - ASSIS;Semiurbana;Ativa
7984;A;VIAÇÃO DANUBIO AZUL LTDA;1;PORTO FERREIRA - DESCALVADO;Rodoviária Convencional;Ativa
7986;A;VIAÇÃO ATIBAIA SÃO PAULO LTDA;1;ATIBAIA - NAZARE PAULISTA;Semiurbana;Ativa
7987;A;VIAÇÃO ATIBAIA SÃO PAULO LTDA;1;ATIBAIA - BOM JESUS DOS PERDOES;Semiurbana;Ativa
7988;A;VIAÇÃO ATIBAIA SÃO PAULO LTDA;1;SÃO PAULO (T.TIÊTE) - PIRACAIA;Rodoviária Convencional;Ativa
7989;A;VIAÇÃO ATIBAIA SÃO PAULO LTDA;1;SÃO PAULO (T.TIÊTE) - ATIBAIA;Rodoviária Convencional;Ativa
7991;A;VIAÇÃO ATIBAIA SÃO PAULO LTDA;1;ATIBAIA - MAIRIPORA;Semiurbana;Ativa
7992;A;VIAÇÃO ATIBAIA SÃO PAULO LTDA;1;PIRACAIA - ATIBAIA;Semiurbana;Ativa
7997;A;VIAÇÃO DANUBIO AZUL LTDA;1;PORTO FERREIRA - TAMBAU;Rodoviária Convencional;Ativa
8012;A;VIAÇÃO JACAREI LTDA;5;JACAREI - SANTA ISABEL;Semiurbana;Ativa
8012;B;VIAÇÃO JACAREI LTDA;5;SANTA ISABEL - IGARATA;Semiurbana;Ativa
8015;A;VIAÇÃO JACAREI LTDA;5;MOGI DAS CRUZES - JACAREI;Semiurbana;Ativa
8015;B;VIAÇÃO JACAREI LTDA;5;MOGI DAS CRUZES - JACAREI;Semiurbana;Ativa
8020;A;VIAÇÃO PIRACICABANA S/A;3;PIRACICABA - CAMPINAS;Rodoviária Convencional;Ativa
8020;B;VIAÇÃO PIRACICABANA S/A;3;PIRACICABA - SAO PAULO;Rodoviária Convencional;Ativa
8020;C;VIAÇÃO PIRACICABANA S/A;3;PIRACICABA - SAO BERNARDO DO CAMPO;Rodoviária Convencional;Ativa
8020;D;VIAÇÃO PIRACICABANA S/A;3;PIRACICABA - SÃO PAULO (T.TIÊTE);Rodoviária Convencional;Ativa
8020;E;VIAÇÃO PIRACICABANA S/A;3;AMERICANA - SÃO PAULO (T.TIÊTE);Rodoviária Convencional;Ativa
8020;F;VIAÇÃO PIRACICABANA S/A;3;PIRACICABA - SÃO PAULO (T.TIÊTE);Rodoviário Executivo;Ativa
8020;G;VIAÇÃO PIRACICABANA S/A;3;PIRACICABA - SÃO PAULO (T.TIÊTE);Rodoviário Executivo;Ativa
8021;A;VIAÇÃO PIRACICABANA S/A;3;AMERICANA - LIMEIRA;Rodoviária Convencional;Ativa
8034;A;VIAÇÃO PIRACEMA DE TRANSPORTE LTDA;1;PIRACICABA - TIETE;Rodoviária Convencional;Ativa
8042;A;EMPRESAS REUNIDAS PAULISTA DE TRANSPORTES LTDA;3;SÃO PAULO(BARRA FUNDA) - ARACATUBA;Rodoviária Convencional;Ativa
8043;A;EMPRESAS REUNIDAS PAULISTA DE TRANSPORTES LTDA;3;SÃO PAULO(BARRA FUNDA) - LINS;Rodoviária Convencional;Ativa
8044;A;VIAÇÃO PIRACICABANA S/A;3;SÃO PAULO(BARRA FUNDA) - ANDRADINA;Rodoviária Convencional;Ativa
8044;E;VIAÇÃO PIRACICABANA S/A;3;SÃO PAULO(BARRA FUNDA) - ANDRADINA;Rodoviário Executivo;Ativa
8046;A;VAT VIACAO ADAMANTINA DE TRANSPORTES LTDA;3;BAURU - JAU;Rodoviária Convencional;Ativa
8047;A;VAT VIACAO ADAMANTINA DE TRANSPORTES LTDA;3;BAURU - BOCAINA;Semiurbana;Ativa
8053;A;AUTO VIAÇÃO BRAGANCA LTDA;1;AGUAS DE LINDOIA - BRAGANCA PAULISTA;Semiurbana;Ativa
8054;A;AUTO VIAÇÃO BRAGANCA LTDA;1;SOCORRO - BRAGANCA PAULISTA;Semiurbana;Ativa
8057;A;AUTO VIAÇÃO BRAGANCA LTDA;1;BRAGANCA PAULISTA - ATIBAIA;Semiurbana;Ativa
8058;A;RAPIDO FENIX VIAÇÃO LTDA;1;ITATIBA - ATIBAIA;Semiurbana;Ativa
8058;B;RAPIDO FENIX VIAÇÃO LTDA;1;ITATIBA - ATIBAIA;Semiurbana;Ativa
8064;A;VIAÇÃO COMETA S/A;5;MOGI DAS CRUZES - P.GRANDE(V.MIRIM);Rodoviária Litorânea;Ativa
8065;A;VIAÇÃO COMETA S/A;5;RIBEIRAO PIRES - GUARUJA;Rodoviária Litorânea;Ativa
8072;A;EMPRESA PRINCESA DO NORTE S/A;3;SÃO PAULO(BARRA FUNDA) - FARTURA;Rodoviária Convencional;Ativa
8072;E;EMPRESA PRINCESA DO NORTE S/A;3;SÃO PAULO(BARRA FUNDA) - FARTURA;Rodoviário Executivo;Ativa
8078;A;VIAÇÃO GUAXUPE LTDA;1;ESPIRITO SANTO PINHAL - SAO JOAO DA BOA VISTA;Rodoviária Convencional;Ativa
8079;A;VIAÇÃO SANTA CRUZ LTDA;1;CAMPINAS - ESPIRITO SANTO PINHAL;Rodoviária Convencional;Ativa
8079;B;VIAÇÃO SANTA CRUZ LTDA;1;CAMPINAS - ESPIRITO SANTO PINHAL;Rodoviária Convencional;Ativa
8082;A;JANDAIA TRANSPORTES E TURISMO LTDA;3;PRESIDENTE PRUDENTE - TACIBA;Semiurbana;Ativa
8083;A;EMPRESAS REUNIDAS PAULISTA DE TRANSPORTES LTDA;3;ANDRADINA - SAO JOSE DO RIO PRETO;Rodoviária Convencional;Ativa
8090;A;VB TRANSPORTES E TURISMO LTDA;1;INDAIATUBA - SALTO;Semiurbana;Ativa
8107;A;VIAÇÃO ATIBAIA SÃO PAULO LTDA;1;JARINU - CAMPO LIMPO PAULISTA;Semiurbana;Ativa
8107;B;VIAÇÃO ATIBAIA SÃO PAULO LTDA;1;JARINU - CAMPO LIMPO PAULISTA;Semiurbana;Ativa
8116;A;VIAÇÃO PIRACICABANA S/A;3;CAMPINAS - ARARAQUARA;Rodoviária Convencional;Ativa
8117;A;VIAÇÃO PIRACICABANA S/A;3;IBITINGA - BORBOREMA;Rodoviária Convencional;Ativa
8127;A;EXPRESSO ITAMARATI S/A;4;SAO JOSE DO RIO PRETO - JALES;Rodoviária Convencional;Ativa
8128;A;EXPRESSO ITAMARATI S/A;4;SAO JOSE DO RIO PRETO - VOTUPORANGA;Semiurbana;Ativa
8129;A;EXPRESSO ITAMARATI S/A;4;SAO JOSE DO RIO PRETO - TANABI;Semiurbana;Ativa
8132;A;VIAÇÃO GUAXUPE LTDA;1;MOCOCA - CASSIA DOS COQUEIROS;Rodoviária Convencional;Ativa
8136;A;VIAÇÃO DANUBIO AZUL LTDA;1;CAMPINAS - SANTA RITA DO P.QUATRO;Rodoviária Convencional;Ativa
8137;A;VIAÇÃO DANUBIO AZUL LTDA;1;ARARAS - SANTA RITA DO P.QUATRO;Rodoviária Convencional;Ativa
8142;A;EXPRESSO ITAMARATI S/A;4;SAO JOSE DO RIO PRETO - GUAPIACU;Semiurbana;Ativa
8142;B;EXPRESSO ITAMARATI S/A;4;SAO JOSE DO RIO PRETO - GUAPIACU;Semiurbana;Ativa
8153;A;VALLESUL TRANSPORTES E TURISMO LTDA;5;REGISTRO - ELDORADO;Rodoviária Convencional;Ativa
8159;A;VALLESUL TRANSPORTES E TURISMO LTDA;5;REGISTRO - PARIQUERA-ACU;Rodoviária Litorânea;Ativa
8161;A;PORTO DE REGISTRO TRANSPORTES LTDA;5;REGISTRO - CAJATI;Semiurbana;Ativa
8162;A;PORTO DE REGISTRO TRANSPORTES LTDA;5;REGISTRO - CAJATI;Semiurbana;Ativa
8163;A;VALLESUL TRANSPORTES E TURISMO LTDA;5;SÃO PAULO(BARRA FUNDA) - REGISTRO;Rodoviária Convencional;Ativa
8164;A;VALLESUL TRANSPORTES E TURISMO LTDA;5;SÃO PAULO(BARRA FUNDA) - CAJATI;Rodoviária Convencional;Ativa
8165;A;VALLESUL TRANSPORTES E TURISMO LTDA;5;REGISTRO - MIRACATU;Semiurbana;Ativa
8166;A;RAPIDO LUXO CAMPINAS LTDA;1;ITUPEVA - JUNDIAI;Semiurbana;Ativa
8166;B;RAPIDO LUXO CAMPINAS LTDA;1;ITUPEVA - JUNDIAI;Semiurbana;Ativa
8166;C;RAPIDO LUXO CAMPINAS LTDA;1;ITUPEVA(B.Monte Serrat) - JUNDIAI;Semiurbana;Ativa
8166;D;RAPIDO LUXO CAMPINAS LTDA;1;ITUPEVA - JUNDIAI;Semiurbana;Ativa
8169;A;VIAÇÃO COMETA S/A;5;CAMPINAS - ARARAQUARA;Rodoviária Convencional;Ativa
8171;A;EXPRESSO ITAMARATI S/A;4;SAO JOSE DO RIO PRETO - RIBEIRAO PRETO;Rodoviária Convencional;Ativa
8180;A;VIAÇÃO DANUBIO AZUL LTDA;1;CAMPINAS - BARRETOS;Rodoviária Convencional;Ativa
8184;A;RAPIDO D OESTE LTDA;1;RIBEIRAO PRETO - MOCOCA;Rodoviária Convencional;Ativa
8185;A;EXPRESSO ITAMARATI S/A;4;SAO JOSE DO RIO PRETO - POTIRENDABA;Semiurbana;Ativa
8185;B;EXPRESSO ITAMARATI S/A;4;SAO JOSE DO RIO PRETO - CEDRAL;Semiurbana;Ativa
8190;A;VIAÇÃO SANTA CRUZ LTDA;1;MOJI MIRIM - ITAPIRA;Rodoviária Convencional;Ativa
8191;A;VIAÇÃO SANTA CRUZ LTDA;1;CAMPINAS - ITAPIRA;Rodoviária Convencional;Ativa
8191;B;VIAÇÃO SANTA CRUZ LTDA;1;UNICAMP - ITAPIRA;Rodoviária Convencional;Ativa
8192;A;TRANSPEN-TRANSPORTE COLETIVO E ENCOMENDAS LTDA;2;SÃO PAULO(BARRA FUNDA) - ITARARE;Rodoviária Convencional;Ativa
8193;A;TRANSPEN-TRANSPORTE COLETIVO E ENCOMENDAS LTDA;2;SOROCABA - ITARARE;Rodoviária Convencional;Ativa
8194;A;TRANSPEN-TRANSPORTE COLETIVO E ENCOMENDAS LTDA;2;SOROCABA - ITAPEVA;Rodoviária Convencional;Ativa
8196;A;TRANSPEN-TRANSPORTE COLETIVO E ENCOMENDAS LTDA;2;ITAPEVA - ITARARE;Semiurbana;Ativa
8197;A;TRANSPEN-TRANSPORTE COLETIVO E ENCOMENDAS LTDA;2;SÃO PAULO(BARRA FUNDA) - ITAPEVA;Rodoviária Convencional;Ativa
8198;A;TRANSPEN-TRANSPORTE COLETIVO E ENCOMENDAS LTDA;2;ITARARE - CAPAO BONITO;Rodoviária Convencional;Ativa
8199;A;TRANSPEN-TRANSPORTE COLETIVO E ENCOMENDAS LTDA;2;SOROCABA - APIAI;Rodoviária Convencional;Ativa
8200;A;EXPRESSO ITAMARATI S/A;4;JABOTICABAL - RIBEIRAO PRETO;Semiurbana;Ativa
8210;A;RAPIDO LUXO CAMPINAS LTDA;1;JUNDIAI - CABREUVA;Semiurbana;Ativa
8210;B;RAPIDO LUXO CAMPINAS LTDA;1;CABREUVA - ITUPEVA;Semiurbana;Ativa
8210;C;RAPIDO LUXO CAMPINAS LTDA;1;CABREUVA - ITUPEVA;Semiurbana;Ativa
8210;D;RAPIDO LUXO CAMPINAS LTDA;1;JUNDIAI - CABREUVA;Semiurbana;Ativa
8210;E;RAPIDO LUXO CAMPINAS LTDA;1;JUNDIAI - CABREUVA;Semiurbana;Ativa
8218;A;TRANSPEN-TRANSPORTE COLETIVO E ENCOMENDAS LTDA;2;ITAPETININGA - ANGATUBA;Semiurbana;Ativa
8225;A;EMPRESAS REUNIDAS PAULISTA DE TRANSPORTES LTDA;3;ANDRADINA - RIBEIRAO PRETO;Rodoviária Convencional;Ativa
8233;A;RAPIDO LUXO CAMPINAS LTDA;1;TATUI - QUADRA;Rodoviária Convencional;Ativa
8247;A;PORTO DE REGISTRO TRANSPORTES LTDA;5;SETE BARRAS - REGISTRO;Semiurbana;Ativa
8258;A;JANDAIA TRANSPORTES E TURISMO LTDA;3;PRESIDENTE PRUDENTE - PRESIDENTE BERNARDES;Semiurbana;Ativa
8266;A;TRANSPEN-TRANSPORTE COLETIVO E ENCOMENDAS LTDA;2;RIBEIRAO BRANCO - ITAPEVA;Semiurbana;Ativa
8267;A;VIAÇÃO VALE DO TIETE LTDA;2;SÃO PAULO(BARRA FUNDA) - LARANJAL PAULISTA;Rodoviária Convencional;Ativa
8268;A;VIAÇÃO VALE DO TIETE LTDA;2;TIETE - SÃO PAULO(BARRA FUNDA);Rodoviária Convencional;Ativa
8292;A;TRANSRAPIDO SÃO FRANCISCO LTDA;4;VOTUPORANGA - NHANDEARA;Rodoviária Convencional;Ativa
8300;A;EMPRESA DE ÔNIBUS PASSARO MARRON S/A;5;SÃO PAULO (T.TIÊTE) - CARAGUATATUBA;Rodoviária Litorânea;Ativa
8302;A;EMPRESA DE ÔNIBUS PASSARO MARRON S/A;5;SANTOS - CARAGUATATUBA(Rodoviária);Rodoviária Litorânea;Ativa
8303;A;EMPRESA DE ÔNIBUS PASSARO MARRON S/A;5;BERTIOGA - S.SEBASTIAO(BOISSUCANGA);Semiurbana Litorânea;Ativa
8312;A;VIAÇÃO LUWASA LTDA;4;PINDORAMA - CATANDUVA;Semiurbana;Ativa
8322;A;EMPRESA DE ÔNIBUS PASSARO MARRON S/A;5;SÃO PAULO (T.TIÊTE) - TAUBATE;Rodoviária Convencional;Ativa
8326;A;VIAÇÃO PIRACICABANA S/A;3;ARARAQUARA - IBITINGA;Rodoviária Convencional;Ativa
8338;A;VIAÇÃO PIRACICABANA S/A;3;ARARAQUARA - SÃO PAULO (T.TIÊTE);Rodoviária Convencional;Ativa
8338;E;VIAÇÃO PIRACICABANA S/A;3;ARARAQUARA - SÃO PAULO (T.TIÊTE);Rodoviário Executivo;Ativa
8350;A;LIMA & LIMA LTDA;1;LEME - SANTA CRUZ CONCEICAO;Semiurbana;Ativa
8355;A;VIAÇÃO PIRACICABANA S/A;3;PANORAMA - BAURU;Rodoviária Convencional;Ativa
8355;E;VIAÇÃO PIRACICABANA S/A;3;PANORAMA - BAURU;Rodoviário Executivo;Ativa
8356;A;VIAÇÃO PIRACICABANA S/A;3;RINOPOLIS - SÃO PAULO(BARRA FUNDA);Rodoviária Convencional;Ativa
8356;E;VIAÇÃO PIRACICABANA S/A;3;RINOPOLIS - SÃO PAULO(BARRA FUNDA);Rodoviário Executivo;Ativa
8357;A;VIAÇÃO PIRACICABANA S/A;3;ADAMANTINA - SÃO PAULO(BARRA FUNDA);Rodoviária Convencional;Ativa
8357;E;VIAÇÃO PIRACICABANA S/A;3;ADAMANTINA - SÃO PAULO(BARRA FUNDA);Rodoviário Executivo;Ativa
8358;A;EMPRESAS REUNIDAS PAULISTA DE TRANSPORTES LTDA;3;DRACENA - SÃO PAULO(BARRA FUNDA);Rodoviária Convencional;Ativa
8359;A;VIAÇÃO SANTA CRUZ LTDA;1;SAO JOAO DA BOA VISTA - CAMPINAS;Rodoviária Convencional;Ativa
8359;B;VIAÇÃO SANTA CRUZ LTDA;1;SAO JOAO DA BOA VISTA - UNICAMP;Rodoviária Convencional;Ativa
8367;A;VIASOL TRANSPORTES RODOVIÁRIOS LTDA.;1;CONCHAL - ARARAS;Rodoviária Convencional;Ativa
8371;A;RAPIDO D OESTE LTDA;1;RIBEIRAO PRETO - SANTA ROSA DO VITERBO;Rodoviária Convencional;Ativa
8372;A;RAPIDO D OESTE LTDA;1;RIBEIRAO PRETO - SAO SIMAO;Semiurbana;Ativa
8373;A;RAPIDO D OESTE LTDA;1;RIBEIRAO PRETO - SAO SIMAO;Semiurbana;Ativa
8374;A;RAPIDO D OESTE LTDA;1;RIBEIRAO PRETO - CRAVINHOS;Semiurbana;Ativa
8375;A;RAPIDO D OESTE LTDA;1;RIBEIRAO PRETO - CRAVINHOS;Semiurbana;Ativa
8380;A;VAT VIACAO ADAMANTINA DE TRANSPORTES LTDA;3;LINS - PENAPOLIS;Semiurbana;Ativa
8381;A;VAT VIACAO ADAMANTINA DE TRANSPORTES LTDA;3;BAURU - PIRAJUI;Semiurbana;Ativa
8382;A;VAT VIACAO ADAMANTINA DE TRANSPORTES LTDA;3;BAURU - LINS;Semiurbana;Ativa
8383;A;VAT VIACAO ADAMANTINA DE TRANSPORTES LTDA;3;CAFELANDIA - LINS;Semiurbana;Ativa
8384;A;VAT VIACAO ADAMANTINA DE TRANSPORTES LTDA;3;LINS - ARACATUBA;Semiurbana;Ativa
8385;A;VAT VIACAO ADAMANTINA DE TRANSPORTES LTDA;3;PENAPOLIS - ARACATUBA;Semiurbana;Ativa
8400;A;VB TRANSPORTES E TURISMO LTDA;1;RIO CLARO - ITIRAPINA;Semiurbana;Ativa
8400;B;VB TRANSPORTES E TURISMO LTDA;1;RIO CLARO - CORUMBATAI;Semiurbana;Ativa
8401;A;VIAÇÃO SANTA CRUZ LTDA;1;SÃO PAULO (T.TIÊTE) - CASA BRANCA;Rodoviária Convencional;Ativa
8404;A;TRANSRAPIDO SÃO FRANCISCO LTDA;4;ALVARES FLORENCE - VOTUPORANGA;Rodoviária Convencional;Ativa
8419;A;VIAÇÃO LUWASA LTDA;4;CATANDUVA - SANTA ADELIA;Semiurbana;Ativa
8420;A;RAPIDO LUXO CAMPINAS LTDA;1;ITATINGA - AVARE;Semiurbana;Ativa
8422;A;VIAÇÃO PIRACICABANA S/A;3;BAURU - DUARTINA;Semiurbana;Ativa
8423;A;VIAÇÃO PIRACICABANA S/A;3;BAURU - MARILIA;Semiurbana;Ativa
8426;A;RAPIDO D OESTE LTDA;1;RIBEIRAO PRETO - BARRETOS;Rodoviária Convencional;Ativa
8436;A;EMPRESAS REUNIDAS PAULISTA DE TRANSPORTES LTDA;3;ARACATUBA - ANDRADINA;Rodoviária Convencional;Ativa
8439;A;EMPRESAS REUNIDAS PAULISTA DE TRANSPORTES LTDA;3;SÃO PAULO(BARRA FUNDA) - GUAIMBE;Rodoviária Convencional;Ativa
8445;A;RAPIDO LUXO CAMPINAS LTDA;1;JUNDIAI - VARZEA PAULISTA;Semiurbana;Ativa
8445;B;RAPIDO LUXO CAMPINAS LTDA;1;JUNDIAI - VARZEA PAULISTA;Semiurbana;Ativa
8445;C;RAPIDO LUXO CAMPINAS LTDA;1;JUNDIAI - VARZEA PAULISTA;Semiurbana;Ativa
8445;D;RAPIDO LUXO CAMPINAS LTDA;1;JUNDIAI - VARZEA PAULISTA;Semiurbana;Ativa
8445;E;RAPIDO LUXO CAMPINAS LTDA;1;JUNDIAI - VARZEA PAULISTA;Semiurbana;Ativa
8445;F;RAPIDO LUXO CAMPINAS LTDA;1;JUNDIAI - VARZEA PAULISTA;Semiurbana;Ativa
8445;G;RAPIDO LUXO CAMPINAS LTDA;1;JUNDIAI - VARZEA PAULISTA;Semiurbana;Ativa
8445;H;RAPIDO LUXO CAMPINAS LTDA;1;JUNDIAI - VARZEA PAULISTA;Semiurbana;Ativa
8445;I;RAPIDO LUXO CAMPINAS LTDA;1;JUNDIAI - VARZEA PAULISTA;Semiurbana;Ativa
8445;J;RAPIDO LUXO CAMPINAS LTDA;1;JUNDIAI - VARZEA PAULISTA;Semiurbana;Ativa
8447;A;JANDAIA TRANSPORTES E TURISMO LTDA;3;ADAMANTINA - MARIAPOLIS;Semiurbana;Ativa
8450;A;JANDAIA TRANSPORTES E TURISMO LTDA;3;PRESIDENTE PRUDENTE - REGENTE FEIJO;Semiurbana;Ativa
8450;B;JANDAIA TRANSPORTES E TURISMO LTDA;3;PRESIDENTE PRUDENTE - REGENTE FEIJO;Semiurbana;Ativa
8463;A;EXPRESSO ITAMARATI S/A;4;SANTA FE DO SUL - CAMPINAS;Rodoviária Convencional;Ativa
8463;B;EXPRESSO ITAMARATI S/A;4;SANTA FE DO SUL - CAMPINAS;Rodoviária Convencional;Ativa
8468;A;VB TRANSPORTES E TURISMO LTDA;1;CAMPINAS(AEROP.VIRACOPOS) - JUNDIAI;Semiurbana;Ativa
8470;A;EMPRESA PRINCESA DO NORTE S/A;3;OURINHOS - SOROCABA;Rodoviária Convencional;Ativa
8475;A;VIAÇÃO LUWASA LTDA;4;PARQUE DAS AMÉRICAS - SAO JOSE DO RIO PRETO;Semiurbana;Ativa
8478;A;VIAÇÃO DANUBIO AZUL LTDA;1;BARRETOS - SÃO PAULO (T.TIÊTE);Rodoviária Convencional;Ativa
8478;E;VIAÇÃO DANUBIO AZUL LTDA;1;BARRETOS - SÃO PAULO (T.TIÊTE);Rodoviário Executivo;Ativa
8489;A;VB TRANSPORTES E TURISMO LTDA;1;CAMPINAS - JUNDIAI;Rodoviária Convencional;Ativa
8490;A;PLENA TRANSPORTES LTDA ME;4;BARIRI - JAU;Rodoviária Convencional;Ativa
8492;A;EMPRESA PRINCESA DO NORTE S/A;3;AVARE - SÃO PAULO(BARRA FUNDA);Rodoviária Convencional;Ativa
8507;A;VIAÇÃO SANTA CRUZ LTDA;1;SÃO PAULO (T.TIÊTE) - SAO JOSE DO RIO PARDO;Rodoviária Convencional;Ativa
8509;A;EMPRESAS REUNIDAS PAULISTA DE TRANSPORTES LTDA;3;ANDRADINA - CAMPINAS;Rodoviária Convencional;Ativa
8509;E;EMPRESAS REUNIDAS PAULISTA DE TRANSPORTES LTDA;3;ANDRADINA - CAMPINAS;Rodoviário Executivo;Ativa
8514;A;VIAÇÃO PIRACICABANA S/A;3;MARILIA - CAMPINAS;Rodoviária Convencional;Ativa
8514;B;VIAÇÃO PIRACICABANA S/A;3;MARILIA - AMERICANA;Rodoviária Convencional;Ativa
8514;E;VIAÇÃO PIRACICABANA S/A;3;MARILIA - CAMPINAS;Rodoviário Executivo;Ativa
8515;A;VIAÇÃO PIRACICABANA S/A;3;BAURU - AGUDOS;Semiurbana;Ativa
8516;A;VIAÇÃO PIRACICABANA S/A;3;BAURU - AREIOPOLIS;Semiurbana;Ativa
8516;B;VIAÇÃO PIRACICABANA S/A;3;AGUDOS - BOREBI;Semiurbana;Ativa
8516;C;VIAÇÃO PIRACICABANA S/A;3;LENCOIS PAULISTA - MACATUBA;Semiurbana;Ativa
8517;A;VIAÇÃO PIRACICABANA S/A;3;BAURU - BOTUCATU;Rodoviária Convencional;Ativa
8518;A;VIAÇÃO PIRACICABANA S/A;3;BOTUCATU - SAO MANUEL;Semiurbana;Ativa
8523;A;VIAÇÃO COMETA S/A;5;SÃO PAULO(BARRA FUNDA) - SOROCABA;Rodoviária Convencional;Ativa
8523;B;VIAÇÃO COMETA S/A;5;GUARULHOS - SOROCABA;Rodoviária Convencional;Ativa
8523;E;VIAÇÃO COMETA S/A;5;TERM.ROD.GUARULHOS - SOROCABA;Rodoviário Executivo;Ativa
8530;A;AUTO VIAÇÃO OURINHOS ASSIS LTDA;3;PALMITAL - ASSIS;Rodoviária Convencional;Ativa
8531;A;AUTO VIAÇÃO OURINHOS ASSIS LTDA;3;OURINHOS - SALTO GRANDE;Semiurbana;Ativa
8532;A;AUTO VIAÇÃO OURINHOS ASSIS LTDA;3;OURINHOS - ASSIS;Rodoviária Convencional;Ativa
8545;A;VIAÇÃO COMETA S/A;5;SÃO PAULO(BARRA FUNDA) - SAO ROQUE;Rodoviária Convencional;Ativa
8545;B;VIAÇÃO COMETA S/A;5;SÃO PAULO(BARRA FUNDA) - ITAPETININGA;Rodoviária Convencional;Ativa
8548;A;VB TRANSPORTES E TURISMO LTDA;1;PIRACICABA - RIO CLARO;Semiurbana;Ativa
8551;A;VIAÇÃO SANTA CRUZ LTDA;1;JAU - SÃO PAULO(BARRA FUNDA);Rodoviária Convencional;Ativa
8551;B;VIAÇÃO SANTA CRUZ LTDA;1;BOFETE - SÃO PAULO(BARRA FUNDA);Rodoviária Convencional;Ativa
8551;C;VIAÇÃO SANTA CRUZ LTDA;1;SAO MANUEL - SÃO PAULO(BARRA FUNDA);Rodoviária Convencional;Ativa
8553;A;PLENA TRANSPORTES LTDA ME;4;IGARACU DO TIETE - JAU;Rodoviária Convencional;Ativa
8555;A;RAPIDO LUXO CAMPINAS LTDA;1;AVARE - SÃO PAULO(BARRA FUNDA);Rodoviária Convencional;Ativa
8558;A;VAT VIACAO ADAMANTINA DE TRANSPORTES LTDA;3;ANDRADINA - PRESIDENTE EPITACIO;Rodoviária Convencional;Ativa
8563;A;VIAÇÃO PARATY LTDA;4;SAO CARLOS - IBATE;Rodoviária Convencional;Ativa
8564;A;VIAÇÃO PARATY LTDA;4;SAO CARLOS - IBATE;Semiurbana;Ativa
8564;B;VIAÇÃO PARATY LTDA;4;SAO CARLOS - IBATE;Semiurbana;Ativa
8564;C;VIAÇÃO PARATY LTDA;4;SAO CARLOS - IBATE;Semiurbana;Ativa
8564;D;VIAÇÃO PARATY LTDA;4;SAO CARLOS - IBATE;Semiurbana;Ativa
8566;A;ULTRA S/A - TRANSPORTES INTERURBANOS;5;SAO PAULO(T.JABAQUARA) - GUARUJA(TERM.RODOVIARIO);Rodoviária Litorânea;Ativa
8569;A;TRANSPORTADORA TURÍSTICA PETITTO LTDA;1;PRADOPOLIS - RIBEIRAO PRETO;Semiurbana;Ativa
8569;B;TRANSPORTADORA TURÍSTICA PETITTO LTDA;1;PRADOPOLIS - RIBEIRAO PRETO;Semiurbana;Ativa
8570;A;TRANSPORTADORA TURÍSTICA PETITTO LTDA;1;DUMONT - RIBEIRAO PRETO;Semiurbana;Ativa
8570;B;TRANSPORTADORA TURÍSTICA PETITTO LTDA;1;DUMONT - RIBEIRAO PRETO;Semiurbana;Ativa
8578;A;GUERINO SEISCENTO TRANSPORTES S/A;3;ARACATUBA - BIRIGUI;Semiurbana;Ativa
8601;A;VIAÇÃO PARATY LTDA;4;ARARAQUARA - NOVA EUROPA;Semiurbana;Ativa
8615;A;VIAÇÃO SÃO BENTO LTDA;1;GUAIRA - BARRETOS;Semiurbana;Ativa
8618;A;EMPRESA DE TRANSPORTES ANDORINHA S/A;3;ROSANA - SANTO ANDRE;Rodoviária Convencional;Ativa
8620;A;EMPRESA DE TRANSPORTES ANDORINHA S/A;3;PRESIDENTE PRUDENTE - MIRANTE PARANAPANEMA;Rodoviária Convencional;Ativa
8632;A;RAPIDO FENIX VIAÇÃO LTDA;1;CAMPINAS - AGUAS DE LINDOIA;Rodoviária Convencional;Ativa
8633;A;VIAÇÃO COMETA S/A;5;TERM.ROD.GUARULHOS - PR. GRANDE(TUDE BASTOS);Rodoviária Litorânea;Ativa
8633;B;VIAÇÃO COMETA S/A;5;GUARULHOS(AER.INT.CUMBICA - PR. GRANDE(TUDE BASTOS);Rodoviária Litorânea;Ativa
8633;C;VIAÇÃO COMETA S/A;5;GUARULHOS(AER.INT.CUMBICA - SANTOS(T.MARIT.PASSAGEIROS);Rodoviário Executivo;Ativa
8633;E;VIAÇÃO COMETA S/A;5;TERM.ROD.GUARULHOS - PR. GRANDE(TUDE BASTOS);Rodoviário Executivo;Ativa
8651;A;CRISTALENSE TRANSPORTES E TURISMO LTDA;1;FRANCA - RESTINGA;Semiurbana;Ativa
8652;A;EXPRESSO ADAMANTINA LTDA;3;TUPA - BASTOS;Semiurbana;Ativa
8652;B;EXPRESSO ADAMANTINA LTDA;3;TUPA - BASTOS;Semiurbana;Ativa
8673;A;EMPRESA PRINCESA DO NORTE S/A;3;MARILIA - TUPA;Semiurbana;Ativa
8675;A;EMPRESA DE ÔNIBUS PASSARO MARRON S/A;5;SÃO PAULO (T.TIÊTE) - BANANAL;Rodoviária Convencional;Ativa
8687;A;VIAÇÃO SÃO BENTO LTDA;1;RIBEIRAO PRETO - SERTAOZINHO;Semiurbana;Ativa
8688;A;VIAÇÃO SÃO BENTO LTDA;1;SERTAOZINHO - BARRINHA;Semiurbana;Ativa
8691;A;RAPIDO LINENSE LTDA;3;LINS - GUAICARA;Semiurbana;Ativa
8692;A;RAPIDO LINENSE LTDA;3;LINS - PROMISSAO;Semiurbana;Ativa
8695;A;VIAÇÃO PARATY LTDA;4;MATAO - TAQUARITINGA;Semiurbana;Ativa
8699;A;TURISMAR TRANSPORTE E TURISMO LTDA;3;MARILIA - OSCAR BRESSANE;Semiurbana;Ativa
8700;A;TURISMAR TRANSPORTE E TURISMO LTDA;3;MARILIA - IEPE;Semiurbana;Ativa
8701;A;AUTO VIAÇÃO OURINHOS ASSIS LTDA;3;CANDIDO MOTA - PALMITAL;Semiurbana;Ativa
8702;A;AUTO VIAÇÃO OURINHOS ASSIS LTDA;3;OURINHOS - ASSIS;Semiurbana;Ativa
8704;A;VIAÇÃO PIRACICABANA S/A;3;PERUIBE - SAO BERNARDO DO CAMPO;Rodoviária Litorânea;Ativa
8705;A;VIAÇÃO PIRACICABANA S/A;3;MONGAGUA - SAO PAULO(T.JABAQUARA);Rodoviária Litorânea;Ativa
8716;A;EMPRESA DE TRANSPORTES ANDORINHA S/A;3;PRESIDENTE PRUDENTE - SANTO ANASTACIO;Semiurbana;Ativa
8717;A;JANDAIA TRANSPORTES E TURISMO LTDA;3;PRESIDENTE PRUDENTE - ALVARES MACHADO;Semiurbana;Ativa
8725;A;EXPRESSO ITAMARATI S/A;4;SAO JOSE DO RIO PRETO - MACAUBAL;Semiurbana;Ativa
8725;B;EXPRESSO ITAMARATI S/A;4;SAO JOSE DO RIO PRETO - MACAUBAL;Semiurbana;Ativa
8731;A;RAPIDO FENIX VIAÇÃO LTDA;1;SÃO PAULO (T.TIÊTE) - AGUAS DE LINDOIA;Rodoviário Executivo;Ativa
8732;A;RAPIDO RIO PARDO TRANSPORTE E TURISMO LTDA-EPP;3;CERQUEIRA CEZAR - BERNARDINO DE CAMPOS;Semiurbana;Ativa
8736;A;VIAÇÃO SANTA CRUZ LTDA;1;SÃO PAULO (T.TIÊTE) - VARGEM GRANDE DO SUL;Rodoviária Convencional;Ativa
8754;A;VIAÇÃO SANTA CRUZ LTDA;1;SAO JOAO DA BOA VISTA - SÃO PAULO (T.TIÊTE);Rodoviária Convencional;Ativa
8757;A;VIAÇÃO GUAXUPE LTDA;1;SAO JOAO DA BOA VISTA - AGUAS DA PRATA;Semiurbana;Ativa
8760;A;VAT VIACAO ADAMANTINA DE TRANSPORTES LTDA;3;PEREIRA BARRETO - SUD MENUCCI;Semiurbana;Ativa
8762;A;RAPIDO D OESTE LTDA;1;RIBEIRAO PRETO - SANTA CRUZ PALMEIRAS;Rodoviária Convencional;Ativa
8763;A;RAPIDO D OESTE LTDA;1;CASA BRANCA - CACONDE;Rodoviária Convencional;Ativa
8764;A;RAPIDO D OESTE LTDA;1;RIBEIRAO PRETO - SANTA RITA DO P.QUATRO;Rodoviária Convencional;Ativa
8765;A;RAPIDO D OESTE LTDA;1;RIBEIRAO PRETO - DESCALVADO;Rodoviária Convencional;Ativa
8767;A;RODOVIÁRIO IBITINGUENSE LTDA;3;GARCA - ALVILANDIA;Semiurbana;Ativa
8769;A;RODOVIÁRIO IBITINGUENSE LTDA;3;UBIRAJARA - BAURU;Semiurbana;Ativa
8772;A;GUERINO SEISCENTO TRANSPORTES S/A;3;ASSIS - PARAGUACU PAULISTA;Semiurbana;Ativa
8806;A;TRANSRAPIDO SÃO FRANCISCO LTDA;4;VOTUPORANGA - INDIAPORA;Rodoviária Convencional;Ativa
8808;A;TRANSRAPIDO SÃO FRANCISCO LTDA;4;AMERICO DE CAMPOS - VOTUPORANGA;Semiurbana;Ativa
8809;A;TRANSRAPIDO SÃO FRANCISCO LTDA;4;PONTES GESTAL - VOTUPORANGA;Rodoviária Convencional;Ativa
8824;A;VAT VIACAO ADAMANTINA DE TRANSPORTES LTDA;3;ARACATUBA - MIRANDOPOLIS;Semiurbana;Ativa
8831;A;VAT VIACAO ADAMANTINA DE TRANSPORTES LTDA;3;JAU - SÃO PAULO(BARRA FUNDA);Rodoviária Convencional;Ativa
8838;A;EXPRESSO ITAMARATI S/A;4;ARACATUBA - JALES;Rodoviária Convencional;Ativa
8843;A;RAPIDO FENIX VIAÇÃO LTDA;1;ITATIBA - SÃO PAULO (T.TIÊTE);Rodoviária Convencional;Ativa
8850;A;JANDAIA TRANSPORTES E TURISMO LTDA;3;PRESIDENTE PRUDENTE - NARANDIBA;Semiurbana;Ativa
8869;A;EMPRESA DE TRANSPORTES ANDORINHA S/A;3;PRESIDENTE PRUDENTE - SÃO PAULO(BARRA FUNDA);Rodoviária Convencional;Ativa
8879;A;VAT VIACAO ADAMANTINA DE TRANSPORTES LTDA;3;PEREIRA BARRETO - ANDRADINA;Semiurbana;Ativa
8879;B;VAT VIACAO ADAMANTINA DE TRANSPORTES LTDA;3;PEREIRA BARRETO - ANDRADINA;Semiurbana;Ativa
8882;A;VAT VIACAO ADAMANTINA DE TRANSPORTES LTDA;3;ANDRADINA - CASTILHO;Semiurbana;Ativa
8889;A;EMPRESA DE ÔNIBUS TABAPUA LTDA;4;PARQUE DAS AMÉRICAS - OLIMPIA;Semiurbana;Ativa
8907;A;EMPRESA DE ÔNIBUS ATILIO NATAL LTDA;3;OSVALDO CRUZ - SALMORAO;Semiurbana;Ativa
8935;A;TRANSPEN-TRANSPORTE COLETIVO E ENCOMENDAS LTDA;2;SÃO PAULO(BARRA FUNDA) - APIAI;Rodoviária Convencional;Ativa
8936;A;EMPRESA DE AUTO ÔNIBUS BOTUCATU LTDA;2;RUBIAO JUNIOR - PARDINHO;Semiurbana;Ativa
8939;A;VIAÇÃO SÃO BENTO LTDA;1;ALTINOPOLIS - SERRANA;Rodoviária Convencional;Ativa
8945;A;RAPIDO LUXO CAMPINAS LTDA;1;BOFETE - CONCHAS;Semiurbana;Ativa
8963;A;VAT VIACAO ADAMANTINA DE TRANSPORTES LTDA;3;BOCAINA - SAO CARLOS;Semiurbana;Ativa
8964;A;VAT VIACAO ADAMANTINA DE TRANSPORTES LTDA;3;RIBEIRAO BONITO - SAO CARLOS;Semiurbana;Ativa
8977;A;GUERINO SEISCENTO TRANSPORTES S/A;3;LINS - GETULINA(MACUCOS);Semiurbana;Ativa
8979;A;VIAÇÃO PIRACICABANA S/A;3;PANORAMA - SAO BERNARDO DO CAMPO;Rodoviária Convencional;Ativa
8982;A;EXPRESSO ITAMARATI S/A;4;JALES - PEREIRA BARRETO;Semiurbana;Ativa
8992;A;VALLESUL TRANSPORTES E TURISMO LTDA;5;ILHA COMPRIDA - REGISTRO;Semiurbana Litorânea;Ativa
8996;A;AUTO VIAÇÃO OURINHOS ASSIS LTDA;3;SANTA CRUZ RIO PARDO - OURINHOS;Semiurbana;Ativa
9000;A;VIAÇÃO LUWASA LTDA;4;CAJOBI - OLIMPIA;Semiurbana;Ativa
9002;A;PEVÊ-TUR TRANSPORTES E TURISMO LTDA;4;SAO JOSE DO RIO PRETO - MACAUBAS;Semiurbana;Ativa
9009;A;EMPRESA SÃO JOÃO DE TURISMO LTDA;1;JUNDIAI - PRAIA GRANDE;Rodoviária Litorânea;Ativa
9010;A;EXPRESSO ITAMARATI S/A;4;BURITAMA - VOTUPORANGA;Semiurbana;Ativa
9013;A;RAPIDO D OESTE LTDA;1;RIBEIRAO PRETO - OLIMPIA;Rodoviária Convencional;Ativa
9015;A;RAPIDO D OESTE LTDA;1;RIBEIRAO PRETO - PITANGUEIRAS;Semiurbana;Ativa
9017;A;EXPRESSO ITAMARATI S/A;4;MIRASSOL - JACI;Semiurbana;Ativa
9024;A;EXPRESSO ITAMARATI S/A;4;VOTUPORANGA - VALENTIM GENTIL;Semiurbana;Ativa
9026;A;VIAÇÃO SÃO BENTO LTDA;1;BATATAIS - ALTINOPOLIS;Semiurbana;Ativa
9027;A;VIAÇÃO SÃO BENTO LTDA;1;RIBEIRAO PRETO - BATATAIS;Semiurbana;Ativa
9028;A;VIAÇÃO SÃO BENTO LTDA;1;RIBEIRAO PRETO - BRODOWSKI;Semiurbana;Ativa
9033;A;VB TRANSPORTES E TURISMO LTDA;1;JUNDIAI - BAIRRO SANTO ANTONIO;Semiurbana;Ativa
9035;A;PEVÊ-TUR TRANSPORTES E TURISMO LTDA;4;UBARANA - JOSE BONIFACIO;Semiurbana;Ativa
9035;B;PEVÊ-TUR TRANSPORTES E TURISMO LTDA;4;UBARANA - JOSE BONIFACIO;Semiurbana;Ativa
9035;C;PEVÊ-TUR TRANSPORTES E TURISMO LTDA;4;UBARANA - JOSE BONIFACIO;Semiurbana;Ativa
9035;D;PEVÊ-TUR TRANSPORTES E TURISMO LTDA;4;UBARANA - JOSE BONIFACIO;Semiurbana;Ativa
9035;E;PEVÊ-TUR TRANSPORTES E TURISMO LTDA;4;UBARANA - JOSE BONIFACIO;Semiurbana;Ativa
9037;A;PEVÊ-TUR TRANSPORTES E TURISMO LTDA;4;ADOLFO - SAO JOSE DO RIO PRETO;Semiurbana;Ativa
9038;A;PEVÊ-TUR TRANSPORTES E TURISMO LTDA;4;ADOLFO - SAO JOSE DO RIO PRETO;Semiurbana;Ativa
9039;A;PEVÊ-TUR TRANSPORTES E TURISMO LTDA;4;NOVA ALIANCA - SAO JOSE DO RIO PRETO;Semiurbana;Ativa
9043;A;VIASOL TRANSPORTES RODOVIÁRIOS LTDA.;1;SANTA GERTRUDES - RIO CLARO;Semiurbana;Ativa
9043;B;VIASOL TRANSPORTES RODOVIÁRIOS LTDA.;1;SANTA GERTRUDES - RIO CLARO;Semiurbana;Ativa
9043;C;VIASOL TRANSPORTES RODOVIÁRIOS LTDA.;1;SANTA GERTRUDES - RIO CLARO;Semiurbana;Ativa
9045;A;VIAÇÃO VALE DO TIETE LTDA;2;ITU - SÃO PAULO(BARRA FUNDA);Rodoviária Convencional;Ativa
9046;A;VIAÇÃO VALE DO TIETE LTDA;2;ITU - SÃO PAULO(BARRA FUNDA);Rodoviária Convencional;Ativa
9047;A;EXPRESSO ADAMANTINA LTDA;3;OSVALDO CRUZ - PRAÇA TACIBA;Rodoviária Convencional;Ativa
9064;A;EMPRESA DE ÔNIBUS PASSARO MARRON S/A;5;SÃO PAULO (T.TIÊTE) - ILHA BELA;Rodoviária Litorânea;Ativa
9080;A;VIASOL TRANSPORTES RODOVIÁRIOS LTDA.;1;RIO CLARO - ARARAS;Semiurbana;Ativa
9082;A;EXPRESSO ITAMARATI S/A;4;SÃO PAULO(BARRA FUNDA) - VOTUPORANGA;Rodoviária Convencional;Ativa
9084;A;EXPRESSO ITAMARATI S/A;4;SAO BERNARDO DO CAMPO - JALES;Rodoviária Convencional;Ativa
9098;A;VIAÇÃO LOPES LTDA;3;OSVALDO CRUZ - SAGRES;Semiurbana;Ativa
9099;A;VIAÇÃO LOPES LTDA;3;OSVALDO CRUZ - LUCELIA;Semiurbana;Ativa
9104;A;EXPRESSO ADAMANTINA LTDA;3;TUPA - PARAPUA;Semiurbana;Ativa
9107;A;EXPRESSO ADAMANTINA LTDA;3;PARAPUA - ADAMANTINA;Semiurbana;Ativa
9108;A;EXPRESSO ADAMANTINA LTDA;3;DRACENA - PACAEMBU;Semiurbana;Ativa
9109;A;EXPRESSO ADAMANTINA LTDA;3;DRACENA - TUPI PAULISTA;Semiurbana;Ativa
9117;A;VIAÇÃO COMETA S/A;5;OSASCO - SAO VICENTE;Rodoviária Litorânea;Ativa
9131;A;VIAÇÃO PIRACICABANA S/A;3;AMERICANA - ITANHAEM;Rodoviária Litorânea;Ativa
9133;A;JANDAIA TRANSPORTES E TURISMO LTDA;3;PRESIDENTE PRUDENTE - BAIRRO BELA VISTA;Semiurbana;Ativa
9133;B;JANDAIA TRANSPORTES E TURISMO LTDA;3;PRESIDENTE PRUDENTE - PARQUE DOS PINHEIROS;Semiurbana;Ativa
9150;A;VIAÇÃO SÃO BENTO LTDA;1;ORLANDIA - MORRO AGUDO;Rodoviária Convencional;Ativa
9189;A;VIAÇÃO COMETA S/A;5;CAMPINAS - RIBEIRAO PRETO;Rodoviária Convencional;Ativa
9191;A;EMPRESA DE TRANSPORTES ANDORINHA S/A;3;IEPE - SÃO PAULO(BARRA FUNDA);Rodoviária Convencional;Ativa
9196;A;VIAÇÃO SÃO BENTO LTDA;1;RIBEIRAO PRETO - SERRANA;Semiurbana;Ativa
9197;A;VIAÇÃO SÃO BENTO LTDA;1;SAO JOAQUIM DA BARRA - IGARAPAVA;Semiurbana;Ativa
9198;A;VIAÇÃO SÃO BENTO LTDA;1;SAO JOAQUIM DA BARRA - ITUVERAVA;Semiurbana;Ativa
9199;A;VIAÇÃO SÃO BENTO LTDA;1;RIBEIRAO PRETO - SAO JOAQUIM DA BARRA;Semiurbana;Ativa
9200;A;VIAÇÃO SÃO BENTO LTDA;1;RIBEIRAO PRETO - ORLANDIA;Rodoviária Convencional;Ativa
9201;A;VIAÇÃO SÃO BENTO LTDA;1;SALES DE OLIVEIRA - ORLANDIA;Rodoviária Convencional;Ativa
9207;A;VIAÇÃO DANUBIO AZUL LTDA;1;COTIA - PIEDADE;Semiurbana;Ativa
9228;A;EMPRESA DE TRANSPORTES ANDORINHA S/A;3;PRESIDENTE PRUDENTE - SANTOS;Rodoviária Litorânea;Ativa
9229;A;AUTO VIAÇÃO BRAGANCA LTDA;1;BRAGANCA PAULISTA - SÃO PAULO (T.TIÊTE);Rodoviária Convencional;Ativa
9230;A;EMPRESAS REUNIDAS PAULISTA DE TRANSPORTES LTDA;3;ARACATUBA - SANTOS;Rodoviária Litorânea;Ativa
9230;E;EMPRESAS REUNIDAS PAULISTA DE TRANSPORTES LTDA;3;ARACATUBA - SANTOS;Rodoviário Executivo;Ativa
9246;A;VIAÇÃO LUWASA LTDA;4;CATANDUVA - PARAISO;Semiurbana;Ativa
9249;A;VIAÇÃO PIRACICABANA S/A;3;SAO CARLOS - ARACATUBA;Rodoviária Convencional;Ativa
9251;A;RAPIDO LUXO CAMPINAS LTDA;1;JUNDIAI - VARZEA PAULISTA;Semiurbana;Ativa
9251;B;RAPIDO LUXO CAMPINAS LTDA;1;JUNDIAI - VARZEA PAULISTA;Semiurbana;Ativa
9251;C;RAPIDO LUXO CAMPINAS LTDA;1;JUNDIAI - VARZEA PAULISTA;Semiurbana;Ativa
9251;D;RAPIDO LUXO CAMPINAS LTDA;1;JUNDIAI - VARZEA PAULISTA;Semiurbana;Ativa
9251;E;RAPIDO LUXO CAMPINAS LTDA;1;JUNDIAI - VARZEA PAULISTA;Semiurbana;Ativa
9253;A;VIAÇÃO COMETA S/A;5;FRANCA - P.GRANDE(V.MIRIM);Rodoviária Litorânea;Ativa
9253;E;VIAÇÃO COMETA S/A;5;FRANCA - P.GRANDE(V.MIRIM);Rodoviário Executivo;Ativa
9254;A;EMPRESA DE ÔNIBUS PASSARO MARRON S/A;5;SANTA BRANCA - CARAGUATATUBA;Rodoviária Litorânea;Ativa
9281;A;EMPRESA PRINCESA DO NORTE S/A;3;AVARE - PIRAJU;Semiurbana;Ativa
9289;A;EXPRESSO ITAMARATI S/A;4;ARACATUBA - BURITAMA;Semiurbana;Ativa
9290;A;VIAÇÃO SÃO BENTO LTDA;1;BATATAIS - FRANCA;Rodoviária Convencional;Ativa
9291;A;VIAÇÃO SÃO BENTO LTDA;1;BATATAIS - FRANCA;Semiurbana;Ativa
9294;A;EMPRESA PRINCESA DO NORTE S/A;3;SANTA CRUZ RIO PARDO - BAURU;Semiurbana;Ativa
9296;A;ULTRA S/A - TRANSPORTES INTERURBANOS;5;SAO PAULO(T.JABAQUARA) - GUARUJA;Rodoviária Litorânea;Ativa
9297;A;ULTRA S/A - TRANSPORTES INTERURBANOS;5;SAO PAULO(T.JABAQUARA) - SANTOS(PONTA DA PRAIA);Rodoviária Litorânea;Ativa
9297;B;ULTRA S/A - TRANSPORTES INTERURBANOS;5;SÃO PAULO(AER.CONGONHAS) - SANTOS(T.MARIT.PASSAGEIROS);Rodoviária Litorânea;Ativa
9323;A;EMPRESA DE ÔNIBUS PASSARO MARRON S/A;5;SÃO PAULO (T.TIÊTE) - TAUBATE;Rodoviária Convencional;Ativa
9324;A;EMPRESA DE ÔNIBUS PASSARO MARRON S/A;5;SÃO PAULO (T.TIÊTE) - CRUZEIRO;Rodoviária Convencional;Ativa
9325;A;EMPRESA DE ÔNIBUS PASSARO MARRON S/A;5;SÃO PAULO (T.TIÊTE) - JACAREI;Rodoviária Convencional;Ativa
9327;A;EMPRESA DE ÔNIBUS PASSARO MARRON S/A;5;SÃO PAULO (T.TIÊTE) - PINDAMONHANGABA;Rodoviária Convencional;Ativa
9336;A;VIAÇÃO PIRACICABANA S/A;3;MARILIA - PRAIA GRANDE (TATICO);Rodoviária Litorânea;Ativa
9336;E;VIAÇÃO PIRACICABANA S/A;3;MARILIA - PRAIA GRANDE (TATICO);Rodoviária Litorânea;Ativa
9353;B;VIAÇÃO PIRACICABANA S/A;3;BAURU - PRAIA GRANDE(CIDADE OCIAN;Rodoviária Litorânea;Ativa
9353;E;VIAÇÃO PIRACICABANA S/A;3;BAURU - PRAIA GRANDE (TATICO);Rodoviário Executivo;Ativa
9384;A;VIAÇÃO ATIBAIA SÃO PAULO LTDA;1;ATIBAIA - JARINU;Semiurbana;Ativa
9385;A;VIAÇÃO ATIBAIA SÃO PAULO LTDA;1;JUNDIAI - JARINU;Semiurbana;Ativa
9389;A;VIASOL TRANSPORTES RODOVIÁRIOS LTDA.;1;ARARAS - LEME;Rodoviária Convencional;Ativa
9412;A;EMPRESA PRINCESA DO NORTE S/A;3;SÃO PAULO(BARRA FUNDA) - OURINHOS;Rodoviária Convencional;Ativa
9412;E;EMPRESA PRINCESA DO NORTE S/A;3;SÃO PAULO(BARRA FUNDA) - OURINHOS;Rodoviário Executivo;Ativa
9413;A;VIAÇÃO COMETA S/A;5;SÃO PAULO (T.TIÊTE) - CAMPINAS;Rodoviária Convencional;Ativa
9413;B;VIAÇÃO COMETA S/A;5;SÃO PAULO(BARRA FUNDA) - CAMPINAS;Rodoviária Convencional;Ativa
9414;A;VIAÇÃO COMETA S/A;5;SAO JOSE DO RIO PRETO - P.GRANDE(V.MIRIM);Rodoviária Litorânea;Ativa
9416;A;VB TRANSPORTES E TURISMO LTDA;1;CAMPINAS - SÃO PAULO(AER.CONGONHAS);Rodoviária Convencional;Ativa
9417;A;VIAÇÃO SANTA CRUZ LTDA;1;SAO BERNARDO DO CAMPO - ITAPIRA;Rodoviária Convencional;Ativa
9417;B;VIAÇÃO SANTA CRUZ LTDA;1;SAO CAETANO DO SUL - CAMPINAS;Rodoviária Convencional;Ativa
9421;A;CRISTALENSE TRANSPORTES E TURISMO LTDA;1;FRANCA - SAO JOAQUIM DA BARRA;Semiurbana;Ativa
9430;A;VIAÇÃO DANUBIO AZUL LTDA;1;ARARAQUARA - BARRETOS;Rodoviária Convencional;Ativa
9440;A;TRANSPORTE COLETIVO CÉLICO EIRELI;4;NIPOÃ - SAO JOSE DO RIO PRETO;Semiurbana;Ativa
9465;A;RAPIDO LUXO CAMPINAS LTDA;1;JUNDIAI - VARZEA PAULISTA;Semiurbana;Ativa
9465;B;RAPIDO LUXO CAMPINAS LTDA;1;JUNDIAI - VARZEA PAULISTA;Semiurbana;Ativa
9465;C;RAPIDO LUXO CAMPINAS LTDA;1;JUNDIAI - VARZEA PAULISTA;Semiurbana;Ativa
9465;D;RAPIDO LUXO CAMPINAS LTDA;1;JUNDIAI - VARZEA PAULISTA;Semiurbana;Ativa
9466;A;RAPIDO LUXO CAMPINAS LTDA;1;JUNDIAI - VARZEA PAULISTA;Semiurbana;Ativa
9494;A;RAPIDO FENIX VIAÇÃO LTDA;1;AMPARO - JAGUARIUNA;Semiurbana;Ativa
9496;A;VIAÇÃO LOPES LTDA;3;LUCELIA - ADAMANTINA;Semiurbana;Ativa
9534;A;VIAÇÃO COMETA S/A;5;EMBU - P.GRANDE(SOLEMAR);Rodoviária Litorânea;Ativa
9535;A;VIAÇÃO PIRACICABANA S/A;3;ITANHAEM - SAO PAULO(T.JABAQUARA);Rodoviária Litorânea;Ativa
9539;A;EMPRESA DE TRANSPORTES MAIRIPORA LTDA;5;MAIRIPORA - BAIRRO PONTE ALTA;Semiurbana;Ativa
9541;A;VIAÇÃO COMETA S/A;5;SAO BERNARDO DO CAMPO - APARECIDA;Rodoviária Litorânea;Ativa
9552;A;PORTO DE REGISTRO TRANSPORTES LTDA;5;REGISTRO - PARIQUERA-ACU;Semiurbana;Ativa
9562;A;VALLESUL TRANSPORTES E TURISMO LTDA;5;PEDRO DE TOLEDO - PERUIBE;Semiurbana Litorânea;Ativa
9608;A;VIAÇÃO COMETA S/A;5;SAO JOSE DOS CAMPOS - P.GRANDE(V.MIRIM);Rodoviária Litorânea;Ativa
9639;A;AUTO VIAÇÃO M.M. SOUZA TURISMO LTDA;1;RAFARD - CAPIVARI;Semiurbana;Ativa
9640;A;GUERINO SEISCENTO TRANSPORTES S/A;3;GABRIEL MONTEIRO - ARACATUBA;Semiurbana;Ativa
9644;A;VB TRANSPORTES E TURISMO LTDA;1;CAPIVARI - PORTO FELIZ;Rodoviária Convencional;Ativa
9667;A;EMPRESA DE ÔNIBUS PASSARO MARRON S/A;5;SÃO PAULO (T.TIÊTE) - SAO JOSE DOS CAMPOS;Rodoviária Convencional;Ativa
9668;A;EMPRESA DE ÔNIBUS PASSARO MARRON S/A;5;SÃO PAULO (T.TIÊTE) - CACAPAVA;Rodoviária Convencional;Ativa
9669;A;EMPRESA DE ÔNIBUS PASSARO MARRON S/A;5;SÃO PAULO (T.TIÊTE) - GUARATINGUETA;Rodoviária Convencional;Ativa
9671;A;RAPIDO FENIX VIAÇÃO LTDA;1;TUIUTI - MORUNGABA;Semiurbana;Ativa
9676;A;PORTO DE REGISTRO TRANSPORTES LTDA;5;REGISTRO - BARRA DO TURVO;Semiurbana;Ativa
9689;A;AUTO VIAÇÃO OURO VERDE LTDA;1;AMERICANA - SÃO PAULO (T.TIÊTE);Rodoviária Convencional;Ativa
9689;B;AUTO VIAÇÃO OURO VERDE LTDA;1;SUMARE(CENTRO) - SÃO PAULO (T.TIÊTE);Rodoviária Convencional;Ativa
9690;A;RAPIDO SUMARE LTDA;1;SUMARE(CENTRO) - SÃO PAULO (T.TIÊTE);Rodoviária Convencional;Ativa
9706;A;VB TRANSPORTES E TURISMO LTDA;1;CAPIVARI - SÃO PAULO (T.TIÊTE);Rodoviária Convencional;Ativa
9707;A;VIAÇÃO PARATY LTDA;4;MATAO - SANTA ERNESTINA;Semiurbana;Ativa
9708;A;VAT VIACAO ADAMANTINA DE TRANSPORTES LTDA;3;ANDRADINA - PRESIDENTE PRUDENTE;Rodoviária Convencional;Ativa
9709;A;VB TRANSPORTES E TURISMO LTDA;1;ARTUR NOGUEIRA - SÃO PAULO (T.TIÊTE);Rodoviária Convencional;Ativa
9709;B;VB TRANSPORTES E TURISMO LTDA;1;HOLAMBRA - SÃO PAULO (T.TIÊTE);Rodoviária Convencional;Ativa
9720;A;VIACAO SC MIRIM GUACU LTDA;1;MOGI GUACU - ESTIVA GERBI;Semiurbana;Ativa
9721;A;NOSSA SENHORA DE FATIMA AUTO ÔNIBUS LTDA;1;BRAGANCA PAULISTA - TUIUTI;Semiurbana;Ativa
9721;B;NOSSA SENHORA DE FATIMA AUTO ÔNIBUS LTDA;1;BRAGANCA PAULISTA - TUIUTI;Semiurbana;Ativa
9722;A;NOSSA SENHORA DE FATIMA AUTO ÔNIBUS LTDA;1;BRAGANCA PAULISTA - VARGEM(BAIRRO ANHUMAS);Semiurbana;Ativa
9723;A;NOSSA SENHORA DE FATIMA AUTO ÔNIBUS LTDA;1;VARGEM - BRAGANCA PTA(Rodoviaria);Semiurbana;Ativa
9724;A;NOSSA SENHORA DE FATIMA AUTO ÔNIBUS LTDA;1;VARGEM - BRAGANCA PAULISTA;Semiurbana;Ativa
9725;A;EXPRESSO INTEGRAÇÃO DO VALE LTDA - EPP;3;ASSIS - Praça Florínia;Semiurbana;Ativa
9727;A;EXPRESSO AMARELINHO LTDA;2;CAPAO BONITO - BAIRRO SUMIDOURO;Semiurbana;Ativa
9735;A;VB TRANSPORTES E TURISMO LTDA;1;CAMPINAS - SOROCABA;Rodoviária Convencional;Ativa
